{
  "final_accuracy": 0.3386,
  "per_experience_accuracy": {
    "Exp000": 0.269,
    "Exp001": 0.212,
    "Exp002": 0.309,
    "Exp003": 0.233,
    "Exp004": 0.292,
    "Exp005": 0.327,
    "Exp006": 0.371,
    "Exp007": 0.317,
    "Exp008": 0.386,
    "Exp009": 0.67
  },
  "forgetting": {
    "Exp000": 0.513,
    "Exp001": 0.525,
    "Exp002": 0.42,
    "Exp003": 0.42900000000000005,
    "Exp004": 0.39799999999999996,
    "Exp005": 0.38099999999999995,
    "Exp006": 0.30600000000000005,
    "Exp007": 0.333,
    "Exp008": 0.239
  },
  "bwt": {
    "Exp000": -0.513,
    "Exp001": -0.525,
    "Exp002": -0.42,
    "Exp003": -0.42900000000000005,
    "Exp004": -0.39799999999999996,
    "Exp005": -0.38099999999999995,
    "Exp006": -0.30600000000000005,
    "Exp007": -0.333,
    "Exp008": -0.239
  }
}