{
  "final_accuracy": 0.3326,
  "per_experience_accuracy": {
    "Exp000": 0.264,
    "Exp001": 0.208,
    "Exp002": 0.301,
    "Exp003": 0.211,
    "Exp004": 0.27,
    "Exp005": 0.309,
    "Exp006": 0.377,
    "Exp007": 0.322,
    "Exp008": 0.376,
    "Exp009": 0.688
  },
  "forgetting": {
    "Exp000": 0.531,
    "Exp001": 0.496,
    "Exp002": 0.40299999999999997,
    "Exp003": 0.44000000000000006,
    "Exp004": 0.4,
    "Exp005": 0.36200000000000004,
    "Exp006": 0.274,
    "Exp007": 0.325,
    "Exp008": 0.277
  },
  "bwt": {
    "Exp000": -0.531,
    "Exp001": -0.496,
    "Exp002": -0.40299999999999997,
    "Exp003": -0.44000000000000006,
    "Exp004": -0.4,
    "Exp005": -0.36200000000000004,
    "Exp006": -0.274,
    "Exp007": -0.325,
    "Exp008": -0.277
  }
}