{
  "final_accuracy": 0.3257,
  "per_experience_accuracy": {
    "Exp000": 0.259,
    "Exp001": 0.216,
    "Exp002": 0.304,
    "Exp003": 0.201,
    "Exp004": 0.263,
    "Exp005": 0.321,
    "Exp006": 0.345,
    "Exp007": 0.314,
    "Exp008": 0.373,
    "Exp009": 0.661
  },
  "forgetting": {
    "Exp000": 0.527,
    "Exp001": 0.505,
    "Exp002": 0.432,
    "Exp003": 0.467,
    "Exp004": 0.41900000000000004,
    "Exp005": 0.36100000000000004,
    "Exp006": 0.3380000000000001,
    "Exp007": 0.312,
    "Exp008": 0.256
  },
  "bwt": {
    "Exp000": -0.527,
    "Exp001": -0.505,
    "Exp002": -0.432,
    "Exp003": -0.467,
    "Exp004": -0.41900000000000004,
    "Exp005": -0.36100000000000004,
    "Exp006": -0.3380000000000001,
    "Exp007": -0.312,
    "Exp008": -0.256
  }
}