{
  "final_accuracy": 0.3419,
  "per_experience_accuracy": {
    "Exp000": 0.259,
    "Exp001": 0.241,
    "Exp002": 0.364,
    "Exp003": 0.195,
    "Exp004": 0.296,
    "Exp005": 0.315,
    "Exp006": 0.366,
    "Exp007": 0.297,
    "Exp008": 0.42,
    "Exp009": 0.666
  },
  "forgetting": {
    "Exp000": 0.521,
    "Exp001": 0.45299999999999996,
    "Exp002": 0.363,
    "Exp003": 0.5029999999999999,
    "Exp004": 0.39799999999999996,
    "Exp005": 0.36700000000000005,
    "Exp006": 0.30000000000000004,
    "Exp007": 0.322,
    "Exp008": 0.25500000000000006
  },
  "bwt": {
    "Exp000": -0.521,
    "Exp001": -0.45299999999999996,
    "Exp002": -0.363,
    "Exp003": -0.5029999999999999,
    "Exp004": -0.39799999999999996,
    "Exp005": -0.36700000000000005,
    "Exp006": -0.30000000000000004,
    "Exp007": -0.322,
    "Exp008": -0.25500000000000006
  }
}