{
  "final_accuracy": 0.3349,
  "per_experience_accuracy": {
    "Exp000": 0.24,
    "Exp001": 0.236,
    "Exp002": 0.335,
    "Exp003": 0.193,
    "Exp004": 0.266,
    "Exp005": 0.345,
    "Exp006": 0.364,
    "Exp007": 0.318,
    "Exp008": 0.404,
    "Exp009": 0.648
  },
  "forgetting": {
    "Exp000": 0.546,
    "Exp001": 0.45799999999999996,
    "Exp002": 0.37399999999999994,
    "Exp003": 0.452,
    "Exp004": 0.42799999999999994,
    "Exp005": 0.353,
    "Exp006": 0.31500000000000006,
    "Exp007": 0.297,
    "Exp008": 0.255
  },
  "bwt": {
    "Exp000": -0.546,
    "Exp001": -0.45799999999999996,
    "Exp002": -0.37399999999999994,
    "Exp003": -0.452,
    "Exp004": -0.42799999999999994,
    "Exp005": -0.353,
    "Exp006": -0.31500000000000006,
    "Exp007": -0.297,
    "Exp008": -0.255
  }
}