{
  "final_accuracy": 0.3418,
  "per_experience_accuracy": {
    "Exp000": 0.239,
    "Exp001": 0.228,
    "Exp002": 0.346,
    "Exp003": 0.229,
    "Exp004": 0.298,
    "Exp005": 0.313,
    "Exp006": 0.354,
    "Exp007": 0.334,
    "Exp008": 0.422,
    "Exp009": 0.655
  },
  "forgetting": {
    "Exp000": 0.537,
    "Exp001": 0.476,
    "Exp002": 0.38,
    "Exp003": 0.43500000000000005,
    "Exp004": 0.37800000000000006,
    "Exp005": 0.36500000000000005,
    "Exp006": 0.31200000000000006,
    "Exp007": 0.298,
    "Exp008": 0.24600000000000005
  },
  "bwt": {
    "Exp000": -0.537,
    "Exp001": -0.476,
    "Exp002": -0.38,
    "Exp003": -0.43500000000000005,
    "Exp004": -0.37800000000000006,
    "Exp005": -0.36500000000000005,
    "Exp006": -0.31200000000000006,
    "Exp007": -0.298,
    "Exp008": -0.24600000000000005
  }
}