{
  "final_accuracy": 0.331,
  "per_experience_accuracy": {
    "Exp000": 0.237,
    "Exp001": 0.219,
    "Exp002": 0.319,
    "Exp003": 0.214,
    "Exp004": 0.27,
    "Exp005": 0.333,
    "Exp006": 0.334,
    "Exp007": 0.32,
    "Exp008": 0.391,
    "Exp009": 0.673
  },
  "forgetting": {
    "Exp000": 0.551,
    "Exp001": 0.501,
    "Exp002": 0.38599999999999995,
    "Exp003": 0.44600000000000006,
    "Exp004": 0.42799999999999994,
    "Exp005": 0.38599999999999995,
    "Exp006": 0.34400000000000003,
    "Exp007": 0.304,
    "Exp008": 0.23399999999999999
  },
  "bwt": {
    "Exp000": -0.551,
    "Exp001": -0.501,
    "Exp002": -0.38599999999999995,
    "Exp003": -0.44600000000000006,
    "Exp004": -0.42799999999999994,
    "Exp005": -0.38599999999999995,
    "Exp006": -0.34400000000000003,
    "Exp007": -0.304,
    "Exp008": -0.23399999999999999
  }
}