{
  "final_accuracy": 0.3335,
  "per_experience_accuracy": {
    "Exp000": 0.265,
    "Exp001": 0.229,
    "Exp002": 0.325,
    "Exp003": 0.217,
    "Exp004": 0.291,
    "Exp005": 0.308,
    "Exp006": 0.321,
    "Exp007": 0.32,
    "Exp008": 0.39,
    "Exp009": 0.669
  },
  "forgetting": {
    "Exp000": 0.517,
    "Exp001": 0.49,
    "Exp002": 0.40199999999999997,
    "Exp003": 0.43700000000000006,
    "Exp004": 0.40299999999999997,
    "Exp005": 0.38999999999999996,
    "Exp006": 0.34600000000000003,
    "Exp007": 0.309,
    "Exp008": 0.259
  },
  "bwt": {
    "Exp000": -0.517,
    "Exp001": -0.49,
    "Exp002": -0.40199999999999997,
    "Exp003": -0.43700000000000006,
    "Exp004": -0.40299999999999997,
    "Exp005": -0.38999999999999996,
    "Exp006": -0.34600000000000003,
    "Exp007": -0.309,
    "Exp008": -0.259
  }
}