{
  "final_accuracy": 0.3318,
  "per_experience_accuracy": {
    "Exp000": 0.24,
    "Exp001": 0.215,
    "Exp002": 0.351,
    "Exp003": 0.205,
    "Exp004": 0.286,
    "Exp005": 0.312,
    "Exp006": 0.353,
    "Exp007": 0.324,
    "Exp008": 0.359,
    "Exp009": 0.673
  },
  "forgetting": {
    "Exp000": 0.529,
    "Exp001": 0.475,
    "Exp002": 0.368,
    "Exp003": 0.4710000000000001,
    "Exp004": 0.38400000000000006,
    "Exp005": 0.39799999999999996,
    "Exp006": 0.3320000000000001,
    "Exp007": 0.322,
    "Exp008": 0.28
  },
  "bwt": {
    "Exp000": -0.529,
    "Exp001": -0.475,
    "Exp002": -0.368,
    "Exp003": -0.4710000000000001,
    "Exp004": -0.38400000000000006,
    "Exp005": -0.39799999999999996,
    "Exp006": -0.3320000000000001,
    "Exp007": -0.322,
    "Exp008": -0.28
  }
}