{
  "final_accuracy": 0.3261,
  "per_experience_accuracy": {
    "Exp000": 0.272,
    "Exp001": 0.255,
    "Exp002": 0.325,
    "Exp003": 0.228,
    "Exp004": 0.277,
    "Exp005": 0.283,
    "Exp006": 0.333,
    "Exp007": 0.292,
    "Exp008": 0.32,
    "Exp009": 0.676
  },
  "forgetting": {
    "Exp000": 0.508,
    "Exp001": 0.45899999999999996,
    "Exp002": 0.423,
    "Exp003": 0.42600000000000005,
    "Exp004": 0.40700000000000003,
    "Exp005": 0.3980000000000001,
    "Exp006": 0.35699999999999993,
    "Exp007": 0.332,
    "Exp008": 0.326
  },
  "bwt": {
    "Exp000": -0.508,
    "Exp001": -0.45899999999999996,
    "Exp002": -0.423,
    "Exp003": -0.42600000000000005,
    "Exp004": -0.40700000000000003,
    "Exp005": -0.3980000000000001,
    "Exp006": -0.35699999999999993,
    "Exp007": -0.332,
    "Exp008": -0.326
  }
}