{
  "final_accuracy": 0.1444,
  "per_experience_accuracy": {
    "Exp000": 0.022,
    "Exp001": 0.006,
    "Exp002": 0.015,
    "Exp003": 0.007,
    "Exp004": 0.038,
    "Exp005": 0.034,
    "Exp006": 0.091,
    "Exp007": 0.181,
    "Exp008": 0.328,
    "Exp009": 0.722
  },
  "forgetting": {
    "Exp000": 0.776,
    "Exp001": 0.17099999999999999,
    "Exp002": 0.322,
    "Exp003": 0.388,
    "Exp004": 0.51,
    "Exp005": 0.5539999999999999,
    "Exp006": 0.517,
    "Exp007": 0.415,
    "Exp008": 0.333
  },
  "bwt": {
    "Exp000": -0.776,
    "Exp001": -0.17099999999999999,
    "Exp002": -0.322,
    "Exp003": -0.388,
    "Exp004": -0.51,
    "Exp005": -0.5539999999999999,
    "Exp006": -0.517,
    "Exp007": -0.415,
    "Exp008": -0.333
  }
}