{
  "final_accuracy": 0.138,
  "per_experience_accuracy": {
    "Exp000": 0.012,
    "Exp001": 0.004,
    "Exp002": 0.008,
    "Exp003": 0.016,
    "Exp004": 0.02,
    "Exp005": 0.032,
    "Exp006": 0.066,
    "Exp007": 0.185,
    "Exp008": 0.297,
    "Exp009": 0.74
  },
  "forgetting": {
    "Exp000": 0.758,
    "Exp001": 0.189,
    "Exp002": 0.34099999999999997,
    "Exp003": 0.33799999999999997,
    "Exp004": 0.536,
    "Exp005": 0.579,
    "Exp006": 0.562,
    "Exp007": 0.418,
    "Exp008": 0.35600000000000004
  },
  "bwt": {
    "Exp000": -0.758,
    "Exp001": -0.189,
    "Exp002": -0.34099999999999997,
    "Exp003": -0.33799999999999997,
    "Exp004": -0.536,
    "Exp005": -0.579,
    "Exp006": -0.562,
    "Exp007": -0.418,
    "Exp008": -0.35600000000000004
  }
}