{
  "final_accuracy": 0.1423,
  "per_experience_accuracy": {
    "Exp000": 0.016,
    "Exp001": 0.003,
    "Exp002": 0.011,
    "Exp003": 0.007,
    "Exp004": 0.012,
    "Exp005": 0.023,
    "Exp006": 0.093,
    "Exp007": 0.209,
    "Exp008": 0.33,
    "Exp009": 0.719
  },
  "forgetting": {
    "Exp000": 0.778,
    "Exp001": 0.178,
    "Exp002": 0.317,
    "Exp003": 0.448,
    "Exp004": 0.54,
    "Exp005": 0.575,
    "Exp006": 0.538,
    "Exp007": 0.40800000000000003,
    "Exp008": 0.331
  },
  "bwt": {
    "Exp000": -0.778,
    "Exp001": -0.178,
    "Exp002": -0.317,
    "Exp003": -0.448,
    "Exp004": -0.54,
    "Exp005": -0.575,
    "Exp006": -0.538,
    "Exp007": -0.40800000000000003,
    "Exp008": -0.331
  }
}