{
  "final_accuracy": 0.1534,
  "per_experience_accuracy": {
    "Exp000": 0.03,
    "Exp001": 0.003,
    "Exp002": 0.026,
    "Exp003": 0.009,
    "Exp004": 0.03,
    "Exp005": 0.041,
    "Exp006": 0.095,
    "Exp007": 0.224,
    "Exp008": 0.345,
    "Exp009": 0.731
  },
  "forgetting": {
    "Exp000": 0.761,
    "Exp001": 0.164,
    "Exp002": 0.226,
    "Exp003": 0.359,
    "Exp004": 0.523,
    "Exp005": 0.5449999999999999,
    "Exp006": 0.538,
    "Exp007": 0.387,
    "Exp008": 0.29300000000000004
  },
  "bwt": {
    "Exp000": -0.761,
    "Exp001": -0.164,
    "Exp002": -0.226,
    "Exp003": -0.359,
    "Exp004": -0.523,
    "Exp005": -0.5449999999999999,
    "Exp006": -0.538,
    "Exp007": -0.387,
    "Exp008": -0.29300000000000004
  }
}