{
  "final_accuracy": 0.1417,
  "per_experience_accuracy": {
    "Exp000": 0.017,
    "Exp001": 0.006,
    "Exp002": 0.013,
    "Exp003": 0.011,
    "Exp004": 0.032,
    "Exp005": 0.04,
    "Exp006": 0.087,
    "Exp007": 0.185,
    "Exp008": 0.308,
    "Exp009": 0.718
  },
  "forgetting": {
    "Exp000": 0.764,
    "Exp001": 0.176,
    "Exp002": 0.27299999999999996,
    "Exp003": 0.39899999999999997,
    "Exp004": 0.521,
    "Exp005": 0.57,
    "Exp006": 0.526,
    "Exp007": 0.421,
    "Exp008": 0.33
  },
  "bwt": {
    "Exp000": -0.764,
    "Exp001": -0.176,
    "Exp002": -0.27299999999999996,
    "Exp003": -0.39899999999999997,
    "Exp004": -0.521,
    "Exp005": -0.57,
    "Exp006": -0.526,
    "Exp007": -0.421,
    "Exp008": -0.33
  }
}