{
  "final_accuracy": 0.1421,
  "per_experience_accuracy": {
    "Exp000": 0.019,
    "Exp001": 0.007,
    "Exp002": 0.012,
    "Exp003": 0.01,
    "Exp004": 0.031,
    "Exp005": 0.034,
    "Exp006": 0.073,
    "Exp007": 0.186,
    "Exp008": 0.325,
    "Exp009": 0.724
  },
  "forgetting": {
    "Exp000": 0.749,
    "Exp001": 0.159,
    "Exp002": 0.364,
    "Exp003": 0.407,
    "Exp004": 0.5329999999999999,
    "Exp005": 0.5319999999999999,
    "Exp006": 0.534,
    "Exp007": 0.407,
    "Exp008": 0.35200000000000004
  },
  "bwt": {
    "Exp000": -0.749,
    "Exp001": -0.159,
    "Exp002": -0.364,
    "Exp003": -0.407,
    "Exp004": -0.5329999999999999,
    "Exp005": -0.5319999999999999,
    "Exp006": -0.534,
    "Exp007": -0.407,
    "Exp008": -0.35200000000000004
  }
}