{
  "final_accuracy": 0.1446,
  "per_experience_accuracy": {
    "Exp000": 0.024,
    "Exp001": 0.005,
    "Exp002": 0.029,
    "Exp003": 0.013,
    "Exp004": 0.016,
    "Exp005": 0.027,
    "Exp006": 0.09,
    "Exp007": 0.216,
    "Exp008": 0.335,
    "Exp009": 0.691
  },
  "forgetting": {
    "Exp000": 0.748,
    "Exp001": 0.174,
    "Exp002": 0.26199999999999996,
    "Exp003": 0.387,
    "Exp004": 0.513,
    "Exp005": 0.525,
    "Exp006": 0.528,
    "Exp007": 0.392,
    "Exp008": 0.334
  },
  "bwt": {
    "Exp000": -0.748,
    "Exp001": -0.174,
    "Exp002": -0.26199999999999996,
    "Exp003": -0.387,
    "Exp004": -0.513,
    "Exp005": -0.525,
    "Exp006": -0.528,
    "Exp007": -0.392,
    "Exp008": -0.334
  }
}