{
  "final_accuracy": 0.1449,
  "per_experience_accuracy": {
    "Exp000": 0.019,
    "Exp001": 0.007,
    "Exp002": 0.013,
    "Exp003": 0.017,
    "Exp004": 0.046,
    "Exp005": 0.021,
    "Exp006": 0.075,
    "Exp007": 0.206,
    "Exp008": 0.312,
    "Exp009": 0.733
  },
  "forgetting": {
    "Exp000": 0.754,
    "Exp001": 0.16499999999999998,
    "Exp002": 0.27199999999999996,
    "Exp003": 0.353,
    "Exp004": 0.5259999999999999,
    "Exp005": 0.5439999999999999,
    "Exp006": 0.548,
    "Exp007": 0.41200000000000003,
    "Exp008": 0.323
  },
  "bwt": {
    "Exp000": -0.754,
    "Exp001": -0.16499999999999998,
    "Exp002": -0.27199999999999996,
    "Exp003": -0.353,
    "Exp004": -0.5259999999999999,
    "Exp005": -0.5439999999999999,
    "Exp006": -0.548,
    "Exp007": -0.41200000000000003,
    "Exp008": -0.323
  }
}