{
  "final_accuracy": 0.1467,
  "per_experience_accuracy": {
    "Exp000": 0.022,
    "Exp001": 0.015,
    "Exp002": 0.012,
    "Exp003": 0.012,
    "Exp004": 0.026,
    "Exp005": 0.038,
    "Exp006": 0.084,
    "Exp007": 0.199,
    "Exp008": 0.335,
    "Exp009": 0.724
  },
  "forgetting": {
    "Exp000": 0.759,
    "Exp001": 0.19,
    "Exp002": 0.268,
    "Exp003": 0.39,
    "Exp004": 0.521,
    "Exp005": 0.5599999999999999,
    "Exp006": 0.543,
    "Exp007": 0.40499999999999997,
    "Exp008": 0.32
  },
  "bwt": {
    "Exp000": -0.759,
    "Exp001": -0.19,
    "Exp002": -0.268,
    "Exp003": -0.39,
    "Exp004": -0.521,
    "Exp005": -0.5599999999999999,
    "Exp006": -0.543,
    "Exp007": -0.40499999999999997,
    "Exp008": -0.32
  }
}