{
  "final_accuracy": 0.1447,
  "per_experience_accuracy": {
    "Exp000": 0.029,
    "Exp001": 0.011,
    "Exp002": 0.011,
    "Exp003": 0.012,
    "Exp004": 0.014,
    "Exp005": 0.026,
    "Exp006": 0.087,
    "Exp007": 0.202,
    "Exp008": 0.333,
    "Exp009": 0.722
  },
  "forgetting": {
    "Exp000": 0.758,
    "Exp001": 0.17099999999999999,
    "Exp002": 0.27099999999999996,
    "Exp003": 0.379,
    "Exp004": 0.521,
    "Exp005": 0.5409999999999999,
    "Exp006": 0.532,
    "Exp007": 0.39299999999999996,
    "Exp008": 0.312
  },
  "bwt": {
    "Exp000": -0.758,
    "Exp001": -0.17099999999999999,
    "Exp002": -0.27099999999999996,
    "Exp003": -0.379,
    "Exp004": -0.521,
    "Exp005": -0.5409999999999999,
    "Exp006": -0.532,
    "Exp007": -0.39299999999999996,
    "Exp008": -0.312
  }
}