{
  "final_accuracy": 0.3399,
  "per_experience_accuracy": {
    "Exp000": 0.274,
    "Exp001": 0.251,
    "Exp002": 0.303,
    "Exp003": 0.217,
    "Exp004": 0.3,
    "Exp005": 0.304,
    "Exp006": 0.368,
    "Exp007": 0.293,
    "Exp008": 0.406,
    "Exp009": 0.683
  },
  "forgetting": {
    "Exp000": 0.473,
    "Exp001": 0.43000000000000005,
    "Exp002": 0.37400000000000005,
    "Exp003": 0.4610000000000001,
    "Exp004": 0.39499999999999996,
    "Exp005": 0.408,
    "Exp006": 0.29700000000000004,
    "Exp007": 0.331,
    "Exp008": 0.26
  },
  "bwt": {
    "Exp000": -0.473,
    "Exp001": -0.43000000000000005,
    "Exp002": -0.37400000000000005,
    "Exp003": -0.4610000000000001,
    "Exp004": -0.39499999999999996,
    "Exp005": -0.408,
    "Exp006": -0.29700000000000004,
    "Exp007": -0.331,
    "Exp008": -0.26
  }
}