{
  "final_accuracy": 0.3229,
  "per_experience_accuracy": {
    "Exp000": 0.258,
    "Exp001": 0.215,
    "Exp002": 0.314,
    "Exp003": 0.208,
    "Exp004": 0.276,
    "Exp005": 0.26,
    "Exp006": 0.341,
    "Exp007": 0.297,
    "Exp008": 0.382,
    "Exp009": 0.678
  },
  "forgetting": {
    "Exp000": 0.44399999999999995,
    "Exp001": 0.43500000000000005,
    "Exp002": 0.39199999999999996,
    "Exp003": 0.42600000000000005,
    "Exp004": 0.40800000000000003,
    "Exp005": 0.394,
    "Exp006": 0.303,
    "Exp007": 0.311,
    "Exp008": 0.29700000000000004
  },
  "bwt": {
    "Exp000": -0.44399999999999995,
    "Exp001": -0.43500000000000005,
    "Exp002": -0.39199999999999996,
    "Exp003": -0.42600000000000005,
    "Exp004": -0.40800000000000003,
    "Exp005": -0.394,
    "Exp006": -0.303,
    "Exp007": -0.311,
    "Exp008": -0.29700000000000004
  }
}