{
  "final_accuracy": 0.3335,
  "per_experience_accuracy": {
    "Exp000": 0.266,
    "Exp001": 0.223,
    "Exp002": 0.287,
    "Exp003": 0.207,
    "Exp004": 0.314,
    "Exp005": 0.309,
    "Exp006": 0.336,
    "Exp007": 0.29,
    "Exp008": 0.421,
    "Exp009": 0.682
  },
  "forgetting": {
    "Exp000": 0.477,
    "Exp001": 0.43300000000000005,
    "Exp002": 0.417,
    "Exp003": 0.45200000000000007,
    "Exp004": 0.38099999999999995,
    "Exp005": 0.39699999999999996,
    "Exp006": 0.335,
    "Exp007": 0.342,
    "Exp008": 0.26300000000000007
  },
  "bwt": {
    "Exp000": -0.477,
    "Exp001": -0.43300000000000005,
    "Exp002": -0.417,
    "Exp003": -0.45200000000000007,
    "Exp004": -0.38099999999999995,
    "Exp005": -0.39699999999999996,
    "Exp006": -0.335,
    "Exp007": -0.342,
    "Exp008": -0.26300000000000007
  }
}