{
  "final_accuracy": 0.3282,
  "per_experience_accuracy": {
    "Exp000": 0.272,
    "Exp001": 0.211,
    "Exp002": 0.302,
    "Exp003": 0.194,
    "Exp004": 0.261,
    "Exp005": 0.301,
    "Exp006": 0.344,
    "Exp007": 0.3,
    "Exp008": 0.425,
    "Exp009": 0.672
  },
  "forgetting": {
    "Exp000": 0.45099999999999996,
    "Exp001": 0.44700000000000006,
    "Exp002": 0.38000000000000006,
    "Exp003": 0.46900000000000003,
    "Exp004": 0.42400000000000004,
    "Exp005": 0.38100000000000006,
    "Exp006": 0.31200000000000006,
    "Exp007": 0.337,
    "Exp008": 0.24300000000000005
  },
  "bwt": {
    "Exp000": -0.45099999999999996,
    "Exp001": -0.44700000000000006,
    "Exp002": -0.38000000000000006,
    "Exp003": -0.46900000000000003,
    "Exp004": -0.42400000000000004,
    "Exp005": -0.38100000000000006,
    "Exp006": -0.31200000000000006,
    "Exp007": -0.337,
    "Exp008": -0.24300000000000005
  }
}