{
  "final_accuracy": 0.3318,
  "per_experience_accuracy": {
    "Exp000": 0.294,
    "Exp001": 0.238,
    "Exp002": 0.328,
    "Exp003": 0.223,
    "Exp004": 0.279,
    "Exp005": 0.299,
    "Exp006": 0.329,
    "Exp007": 0.294,
    "Exp008": 0.38,
    "Exp009": 0.654
  },
  "forgetting": {
    "Exp000": 0.449,
    "Exp001": 0.41800000000000004,
    "Exp002": 0.37499999999999994,
    "Exp003": 0.42300000000000004,
    "Exp004": 0.42399999999999993,
    "Exp005": 0.37500000000000006,
    "Exp006": 0.323,
    "Exp007": 0.309,
    "Exp008": 0.27
  },
  "bwt": {
    "Exp000": -0.449,
    "Exp001": -0.41800000000000004,
    "Exp002": -0.37499999999999994,
    "Exp003": -0.42300000000000004,
    "Exp004": -0.42399999999999993,
    "Exp005": -0.37500000000000006,
    "Exp006": -0.323,
    "Exp007": -0.309,
    "Exp008": -0.27
  }
}