{
  "final_accuracy": 0.3238,
  "per_experience_accuracy": {
    "Exp000": 0.269,
    "Exp001": 0.243,
    "Exp002": 0.289,
    "Exp003": 0.192,
    "Exp004": 0.272,
    "Exp005": 0.279,
    "Exp006": 0.305,
    "Exp007": 0.279,
    "Exp008": 0.414,
    "Exp009": 0.696
  },
  "forgetting": {
    "Exp000": 0.485,
    "Exp001": 0.41500000000000004,
    "Exp002": 0.39999999999999997,
    "Exp003": 0.48000000000000004,
    "Exp004": 0.42999999999999994,
    "Exp005": 0.4169999999999999,
    "Exp006": 0.37200000000000005,
    "Exp007": 0.347,
    "Exp008": 0.23400000000000004
  },
  "bwt": {
    "Exp000": -0.485,
    "Exp001": -0.41500000000000004,
    "Exp002": -0.39999999999999997,
    "Exp003": -0.48000000000000004,
    "Exp004": -0.42999999999999994,
    "Exp005": -0.4169999999999999,
    "Exp006": -0.37200000000000005,
    "Exp007": -0.347,
    "Exp008": -0.23400000000000004
  }
}