{
  "final_accuracy": 0.342,
  "per_experience_accuracy": {
    "Exp000": 0.28,
    "Exp001": 0.223,
    "Exp002": 0.328,
    "Exp003": 0.205,
    "Exp004": 0.29,
    "Exp005": 0.339,
    "Exp006": 0.352,
    "Exp007": 0.313,
    "Exp008": 0.399,
    "Exp009": 0.691
  },
  "forgetting": {
    "Exp000": 0.46799999999999997,
    "Exp001": 0.44500000000000006,
    "Exp002": 0.35700000000000004,
    "Exp003": 0.4570000000000001,
    "Exp004": 0.40099999999999997,
    "Exp005": 0.3499999999999999,
    "Exp006": 0.31100000000000005,
    "Exp007": 0.309,
    "Exp008": 0.271
  },
  "bwt": {
    "Exp000": -0.46799999999999997,
    "Exp001": -0.44500000000000006,
    "Exp002": -0.35700000000000004,
    "Exp003": -0.4570000000000001,
    "Exp004": -0.40099999999999997,
    "Exp005": -0.3499999999999999,
    "Exp006": -0.31100000000000005,
    "Exp007": -0.309,
    "Exp008": -0.271
  }
}