{
  "final_accuracy": 0.331,
  "per_experience_accuracy": {
    "Exp000": 0.283,
    "Exp001": 0.213,
    "Exp002": 0.31,
    "Exp003": 0.216,
    "Exp004": 0.293,
    "Exp005": 0.287,
    "Exp006": 0.378,
    "Exp007": 0.276,
    "Exp008": 0.402,
    "Exp009": 0.652
  },
  "forgetting": {
    "Exp000": 0.462,
    "Exp001": 0.45500000000000007,
    "Exp002": 0.341,
    "Exp003": 0.44600000000000006,
    "Exp004": 0.38400000000000006,
    "Exp005": 0.415,
    "Exp006": 0.29500000000000004,
    "Exp007": 0.33599999999999997,
    "Exp008": 0.269
  },
  "bwt": {
    "Exp000": -0.462,
    "Exp001": -0.45500000000000007,
    "Exp002": -0.341,
    "Exp003": -0.44600000000000006,
    "Exp004": -0.38400000000000006,
    "Exp005": -0.415,
    "Exp006": -0.29500000000000004,
    "Exp007": -0.33599999999999997,
    "Exp008": -0.269
  }
}