{
  "final_accuracy": 0.354,
  "per_experience_accuracy": {
    "Exp000": 0.311,
    "Exp001": 0.257,
    "Exp002": 0.353,
    "Exp003": 0.205,
    "Exp004": 0.309,
    "Exp005": 0.332,
    "Exp006": 0.357,
    "Exp007": 0.346,
    "Exp008": 0.391,
    "Exp009": 0.679
  },
  "forgetting": {
    "Exp000": 0.442,
    "Exp001": 0.401,
    "Exp002": 0.352,
    "Exp003": 0.43800000000000006,
    "Exp004": 0.39399999999999996,
    "Exp005": 0.36099999999999993,
    "Exp006": 0.30600000000000005,
    "Exp007": 0.31400000000000006,
    "Exp008": 0.254
  },
  "bwt": {
    "Exp000": -0.442,
    "Exp001": -0.401,
    "Exp002": -0.352,
    "Exp003": -0.43800000000000006,
    "Exp004": -0.39399999999999996,
    "Exp005": -0.36099999999999993,
    "Exp006": -0.30600000000000005,
    "Exp007": -0.31400000000000006,
    "Exp008": -0.254
  }
}