{
  "final_accuracy": 0.3297,
  "per_experience_accuracy": {
    "Exp000": 0.289,
    "Exp001": 0.229,
    "Exp002": 0.282,
    "Exp003": 0.203,
    "Exp004": 0.325,
    "Exp005": 0.311,
    "Exp006": 0.314,
    "Exp007": 0.293,
    "Exp008": 0.368,
    "Exp009": 0.683
  },
  "forgetting": {
    "Exp000": 0.43,
    "Exp001": 0.40900000000000003,
    "Exp002": 0.424,
    "Exp003": 0.448,
    "Exp004": 0.35500000000000004,
    "Exp005": 0.36100000000000004,
    "Exp006": 0.35700000000000004,
    "Exp007": 0.325,
    "Exp008": 0.29300000000000004
  },
  "bwt": {
    "Exp000": -0.43,
    "Exp001": -0.40900000000000003,
    "Exp002": -0.424,
    "Exp003": -0.448,
    "Exp004": -0.35500000000000004,
    "Exp005": -0.36100000000000004,
    "Exp006": -0.35700000000000004,
    "Exp007": -0.325,
    "Exp008": -0.29300000000000004
  }
}