{
  "final_accuracy": 0.0598,
  "per_experience_accuracy": {
    "Exp000": 0.0,
    "Exp001": 0.0,
    "Exp002": 0.0,
    "Exp003": 0.0,
    "Exp004": 0.0,
    "Exp005": 0.0,
    "Exp006": 0.006,
    "Exp007": 0.018,
    "Exp008": 0.0,
    "Exp009": 0.574
  },
  "forgetting": {
    "Exp000": 0.752,
    "Exp001": 0.472,
    "Exp002": 0.58,
    "Exp003": 0.547,
    "Exp004": 0.604,
    "Exp005": 0.527,
    "Exp006": 0.57,
    "Exp007": 0.5469999999999999,
    "Exp008": 0.551
  },
  "bwt": {
    "Exp000": -0.752,
    "Exp001": -0.472,
    "Exp002": -0.58,
    "Exp003": -0.547,
    "Exp004": -0.604,
    "Exp005": -0.527,
    "Exp006": -0.57,
    "Exp007": -0.5469999999999999,
    "Exp008": -0.551
  }
}