{
  "final_accuracy": 0.1412,
  "per_experience_accuracy": {
    "Exp000": 0.027,
    "Exp001": 0.011,
    "Exp002": 0.021,
    "Exp003": 0.016,
    "Exp004": 0.032,
    "Exp005": 0.022,
    "Exp006": 0.064,
    "Exp007": 0.201,
    "Exp008": 0.286,
    "Exp009": 0.732
  },
  "forgetting": {
    "Exp000": 0.742,
    "Exp001": 0.173,
    "Exp002": 0.27499999999999997,
    "Exp003": 0.377,
    "Exp004": 0.514,
    "Exp005": 0.5499999999999999,
    "Exp006": 0.56,
    "Exp007": 0.39599999999999996,
    "Exp008": 0.34600000000000003
  },
  "bwt": {
    "Exp000": -0.742,
    "Exp001": -0.173,
    "Exp002": -0.27499999999999997,
    "Exp003": -0.377,
    "Exp004": -0.514,
    "Exp005": -0.5499999999999999,
    "Exp006": -0.56,
    "Exp007": -0.39599999999999996,
    "Exp008": -0.34600000000000003
  }
}