{
  "final_accuracy": 0.1438,
  "per_experience_accuracy": {
    "Exp000": 0.025,
    "Exp001": 0.003,
    "Exp002": 0.017,
    "Exp003": 0.011,
    "Exp004": 0.027,
    "Exp005": 0.039,
    "Exp006": 0.086,
    "Exp007": 0.205,
    "Exp008": 0.314,
    "Exp009": 0.711
  },
  "forgetting": {
    "Exp000": 0.742,
    "Exp001": 0.209,
    "Exp002": 0.284,
    "Exp003": 0.378,
    "Exp004": 0.532,
    "Exp005": 0.5459999999999999,
    "Exp006": 0.539,
    "Exp007": 0.405,
    "Exp008": 0.35500000000000004
  },
  "bwt": {
    "Exp000": -0.742,
    "Exp001": -0.209,
    "Exp002": -0.284,
    "Exp003": -0.378,
    "Exp004": -0.532,
    "Exp005": -0.5459999999999999,
    "Exp006": -0.539,
    "Exp007": -0.405,
    "Exp008": -0.35500000000000004
  }
}