{
  "final_accuracy": 0.142,
  "per_experience_accuracy": {
    "Exp000": 0.026,
    "Exp001": 0.01,
    "Exp002": 0.01,
    "Exp003": 0.01,
    "Exp004": 0.03,
    "Exp005": 0.033,
    "Exp006": 0.087,
    "Exp007": 0.175,
    "Exp008": 0.311,
    "Exp009": 0.728
  },
  "forgetting": {
    "Exp000": 0.757,
    "Exp001": 0.20099999999999998,
    "Exp002": 0.303,
    "Exp003": 0.39,
    "Exp004": 0.525,
    "Exp005": 0.5529999999999999,
    "Exp006": 0.538,
    "Exp007": 0.426,
    "Exp008": 0.339
  },
  "bwt": {
    "Exp000": -0.757,
    "Exp001": -0.20099999999999998,
    "Exp002": -0.303,
    "Exp003": -0.39,
    "Exp004": -0.525,
    "Exp005": -0.5529999999999999,
    "Exp006": -0.538,
    "Exp007": -0.426,
    "Exp008": -0.339
  }
}