{
  "final_accuracy": 0.1382,
  "per_experience_accuracy": {
    "Exp000": 0.018,
    "Exp001": 0.006,
    "Exp002": 0.012,
    "Exp003": 0.014,
    "Exp004": 0.028,
    "Exp005": 0.024,
    "Exp006": 0.082,
    "Exp007": 0.205,
    "Exp008": 0.277,
    "Exp009": 0.716
  },
  "forgetting": {
    "Exp000": 0.756,
    "Exp001": 0.174,
    "Exp002": 0.28099999999999997,
    "Exp003": 0.365,
    "Exp004": 0.515,
    "Exp005": 0.566,
    "Exp006": 0.555,
    "Exp007": 0.386,
    "Exp008": 0.367
  },
  "bwt": {
    "Exp000": -0.756,
    "Exp001": -0.174,
    "Exp002": -0.28099999999999997,
    "Exp003": -0.365,
    "Exp004": -0.515,
    "Exp005": -0.566,
    "Exp006": -0.555,
    "Exp007": -0.386,
    "Exp008": -0.367
  }
}