{
  "final_accuracy": 0.1453,
  "per_experience_accuracy": {
    "Exp000": 0.016,
    "Exp001": 0.014,
    "Exp002": 0.025,
    "Exp003": 0.018,
    "Exp004": 0.024,
    "Exp005": 0.02,
    "Exp006": 0.087,
    "Exp007": 0.201,
    "Exp008": 0.331,
    "Exp009": 0.717
  },
  "forgetting": {
    "Exp000": 0.764,
    "Exp001": 0.174,
    "Exp002": 0.24900000000000003,
    "Exp003": 0.39299999999999996,
    "Exp004": 0.5409999999999999,
    "Exp005": 0.563,
    "Exp006": 0.556,
    "Exp007": 0.416,
    "Exp008": 0.327
  },
  "bwt": {
    "Exp000": -0.764,
    "Exp001": -0.174,
    "Exp002": -0.24900000000000003,
    "Exp003": -0.39299999999999996,
    "Exp004": -0.5409999999999999,
    "Exp005": -0.563,
    "Exp006": -0.556,
    "Exp007": -0.416,
    "Exp008": -0.327
  }
}