{
  "final_accuracy": 0.1462,
  "per_experience_accuracy": {
    "Exp000": 0.01,
    "Exp001": 0.004,
    "Exp002": 0.019,
    "Exp003": 0.015,
    "Exp004": 0.032,
    "Exp005": 0.037,
    "Exp006": 0.104,
    "Exp007": 0.197,
    "Exp008": 0.327,
    "Exp009": 0.717
  },
  "forgetting": {
    "Exp000": 0.776,
    "Exp001": 0.19,
    "Exp002": 0.26499999999999996,
    "Exp003": 0.39499999999999996,
    "Exp004": 0.529,
    "Exp005": 0.5619999999999999,
    "Exp006": 0.508,
    "Exp007": 0.409,
    "Exp008": 0.333
  },
  "bwt": {
    "Exp000": -0.776,
    "Exp001": -0.19,
    "Exp002": -0.26499999999999996,
    "Exp003": -0.39499999999999996,
    "Exp004": -0.529,
    "Exp005": -0.5619999999999999,
    "Exp006": -0.508,
    "Exp007": -0.409,
    "Exp008": -0.333
  }
}