{
  "final_accuracy": 0.1441,
  "per_experience_accuracy": {
    "Exp000": 0.013,
    "Exp001": 0.0,
    "Exp002": 0.024,
    "Exp003": 0.013,
    "Exp004": 0.023,
    "Exp005": 0.032,
    "Exp006": 0.088,
    "Exp007": 0.207,
    "Exp008": 0.316,
    "Exp009": 0.725
  },
  "forgetting": {
    "Exp000": 0.777,
    "Exp001": 0.184,
    "Exp002": 0.29,
    "Exp003": 0.379,
    "Exp004": 0.518,
    "Exp005": 0.5489999999999999,
    "Exp006": 0.544,
    "Exp007": 0.398,
    "Exp008": 0.34700000000000003
  },
  "bwt": {
    "Exp000": -0.777,
    "Exp001": -0.184,
    "Exp002": -0.29,
    "Exp003": -0.379,
    "Exp004": -0.518,
    "Exp005": -0.5489999999999999,
    "Exp006": -0.544,
    "Exp007": -0.398,
    "Exp008": -0.34700000000000003
  }
}