{
  "final_accuracy": 0.1357,
  "per_experience_accuracy": {
    "Exp000": 0.015,
    "Exp001": 0.005,
    "Exp002": 0.01,
    "Exp003": 0.006,
    "Exp004": 0.008,
    "Exp005": 0.025,
    "Exp006": 0.084,
    "Exp007": 0.178,
    "Exp008": 0.3,
    "Exp009": 0.726
  },
  "forgetting": {
    "Exp000": 0.764,
    "Exp001": 0.17099999999999999,
    "Exp002": 0.317,
    "Exp003": 0.378,
    "Exp004": 0.532,
    "Exp005": 0.533,
    "Exp006": 0.561,
    "Exp007": 0.428,
    "Exp008": 0.342
  },
  "bwt": {
    "Exp000": -0.764,
    "Exp001": -0.17099999999999999,
    "Exp002": -0.317,
    "Exp003": -0.378,
    "Exp004": -0.532,
    "Exp005": -0.533,
    "Exp006": -0.561,
    "Exp007": -0.428,
    "Exp008": -0.342
  }
}