{
  "final_accuracy": 0.1407,
  "per_experience_accuracy": {
    "Exp000": 0.022,
    "Exp001": 0.003,
    "Exp002": 0.012,
    "Exp003": 0.015,
    "Exp004": 0.023,
    "Exp005": 0.024,
    "Exp006": 0.09,
    "Exp007": 0.175,
    "Exp008": 0.317,
    "Exp009": 0.726
  },
  "forgetting": {
    "Exp000": 0.752,
    "Exp001": 0.127,
    "Exp002": 0.323,
    "Exp003": 0.39799999999999996,
    "Exp004": 0.5429999999999999,
    "Exp005": 0.565,
    "Exp006": 0.532,
    "Exp007": 0.451,
    "Exp008": 0.342
  },
  "bwt": {
    "Exp000": -0.752,
    "Exp001": -0.127,
    "Exp002": -0.323,
    "Exp003": -0.39799999999999996,
    "Exp004": -0.5429999999999999,
    "Exp005": -0.565,
    "Exp006": -0.532,
    "Exp007": -0.451,
    "Exp008": -0.342
  }
}