{
  "final_accuracy": 0.1257,
  "per_experience_accuracy": {
    "Exp000": 0.073,
    "Exp001": 0.011,
    "Exp002": 0.073,
    "Exp003": 0.025,
    "Exp004": 0.056,
    "Exp005": 0.027,
    "Exp006": 0.066,
    "Exp007": 0.07,
    "Exp008": 0.034,
    "Exp009": 0.822
  },
  "forgetting": {
    "Exp000": 0.7020000000000001,
    "Exp001": 0.745,
    "Exp002": 0.7050000000000001,
    "Exp003": 0.568,
    "Exp004": 0.708,
    "Exp005": 0.725,
    "Exp006": 0.679,
    "Exp007": 0.667,
    "Exp008": 0.6559999999999999
  },
  "bwt": {
    "Exp000": -0.7020000000000001,
    "Exp001": -0.745,
    "Exp002": -0.7050000000000001,
    "Exp003": -0.568,
    "Exp004": -0.708,
    "Exp005": -0.725,
    "Exp006": -0.679,
    "Exp007": -0.667,
    "Exp008": -0.6559999999999999
  }
}