{
  "final_accuracy": 0.1659,
  "per_experience_accuracy": {
    "Exp000": 0.092,
    "Exp001": 0.045,
    "Exp002": 0.152,
    "Exp003": 0.04,
    "Exp004": 0.112,
    "Exp005": 0.067,
    "Exp006": 0.13,
    "Exp007": 0.117,
    "Exp008": 0.095,
    "Exp009": 0.809
  },
  "forgetting": {
    "Exp000": 0.673,
    "Exp001": 0.692,
    "Exp002": 0.612,
    "Exp003": 0.6839999999999999,
    "Exp004": 0.648,
    "Exp005": 0.69,
    "Exp006": 0.5599999999999999,
    "Exp007": 0.634,
    "Exp008": 0.666
  },
  "bwt": {
    "Exp000": -0.673,
    "Exp001": -0.692,
    "Exp002": -0.612,
    "Exp003": -0.6839999999999999,
    "Exp004": -0.648,
    "Exp005": -0.69,
    "Exp006": -0.5599999999999999,
    "Exp007": -0.634,
    "Exp008": -0.666
  }
}