{
  "final_accuracy": 0.1156,
  "per_experience_accuracy": {
    "Exp000": 0.045,
    "Exp001": 0.034,
    "Exp002": 0.033,
    "Exp003": 0.024,
    "Exp004": 0.07,
    "Exp005": 0.01,
    "Exp006": 0.063,
    "Exp007": 0.052,
    "Exp008": 0.007,
    "Exp009": 0.818
  },
  "forgetting": {
    "Exp000": 0.725,
    "Exp001": 0.717,
    "Exp002": 0.748,
    "Exp003": 0.712,
    "Exp004": 0.6819999999999999,
    "Exp005": 0.744,
    "Exp006": 0.6519999999999999,
    "Exp007": 0.6739999999999999,
    "Exp008": 0.74
  },
  "bwt": {
    "Exp000": -0.725,
    "Exp001": -0.717,
    "Exp002": -0.748,
    "Exp003": -0.712,
    "Exp004": -0.6819999999999999,
    "Exp005": -0.744,
    "Exp006": -0.6519999999999999,
    "Exp007": -0.6739999999999999,
    "Exp008": -0.74
  }
}