{
  "final_accuracy": 0.1161,
  "per_experience_accuracy": {
    "Exp000": 0.038,
    "Exp001": 0.021,
    "Exp002": 0.032,
    "Exp003": 0.014,
    "Exp004": 0.06,
    "Exp005": 0.015,
    "Exp006": 0.089,
    "Exp007": 0.044,
    "Exp008": 0.027,
    "Exp009": 0.821
  },
  "forgetting": {
    "Exp000": 0.736,
    "Exp001": 0.725,
    "Exp002": 0.739,
    "Exp003": 0.6819999999999999,
    "Exp004": 0.702,
    "Exp005": 0.747,
    "Exp006": 0.667,
    "Exp007": 0.689,
    "Exp008": 0.716
  },
  "bwt": {
    "Exp000": -0.736,
    "Exp001": -0.725,
    "Exp002": -0.739,
    "Exp003": -0.6819999999999999,
    "Exp004": -0.702,
    "Exp005": -0.747,
    "Exp006": -0.667,
    "Exp007": -0.689,
    "Exp008": -0.716
  }
}