{
  "final_accuracy": 0.1277,
  "per_experience_accuracy": {
    "Exp000": 0.057,
    "Exp001": 0.024,
    "Exp002": 0.085,
    "Exp003": 0.014,
    "Exp004": 0.059,
    "Exp005": 0.03,
    "Exp006": 0.107,
    "Exp007": 0.056,
    "Exp008": 0.026,
    "Exp009": 0.819
  },
  "forgetting": {
    "Exp000": 0.731,
    "Exp001": 0.719,
    "Exp002": 0.609,
    "Exp003": 0.715,
    "Exp004": 0.685,
    "Exp005": 0.724,
    "Exp006": 0.63,
    "Exp007": 0.6869999999999999,
    "Exp008": 0.732
  },
  "bwt": {
    "Exp000": -0.731,
    "Exp001": -0.719,
    "Exp002": -0.609,
    "Exp003": -0.715,
    "Exp004": -0.685,
    "Exp005": -0.724,
    "Exp006": -0.63,
    "Exp007": -0.6869999999999999,
    "Exp008": -0.732
  }
}