{
  "final_accuracy": 0.24,
  "per_experience_accuracy": {
    "Exp000": 0.176,
    "Exp001": 0.15,
    "Exp002": 0.277,
    "Exp003": 0.138,
    "Exp004": 0.167,
    "Exp005": 0.155,
    "Exp006": 0.229,
    "Exp007": 0.191,
    "Exp008": 0.111,
    "Exp009": 0.806
  },
  "forgetting": {
    "Exp000": 0.597,
    "Exp001": 0.591,
    "Exp002": 0.482,
    "Exp003": 0.489,
    "Exp004": 0.586,
    "Exp005": 0.591,
    "Exp006": 0.531,
    "Exp007": 0.5469999999999999,
    "Exp008": 0.619
  },
  "bwt": {
    "Exp000": -0.597,
    "Exp001": -0.591,
    "Exp002": -0.482,
    "Exp003": -0.489,
    "Exp004": -0.586,
    "Exp005": -0.591,
    "Exp006": -0.531,
    "Exp007": -0.5469999999999999,
    "Exp008": -0.619
  }
}