{
  "final_accuracy": 0.1432,
  "per_experience_accuracy": {
    "Exp000": 0.107,
    "Exp001": 0.034,
    "Exp002": 0.131,
    "Exp003": 0.027,
    "Exp004": 0.084,
    "Exp005": 0.032,
    "Exp006": 0.105,
    "Exp007": 0.08,
    "Exp008": 0.02,
    "Exp009": 0.812
  },
  "forgetting": {
    "Exp000": 0.677,
    "Exp001": 0.702,
    "Exp002": 0.641,
    "Exp003": 0.576,
    "Exp004": 0.6890000000000001,
    "Exp005": 0.732,
    "Exp006": 0.627,
    "Exp007": 0.654,
    "Exp008": 0.667
  },
  "bwt": {
    "Exp000": -0.677,
    "Exp001": -0.702,
    "Exp002": -0.641,
    "Exp003": -0.576,
    "Exp004": -0.6890000000000001,
    "Exp005": -0.732,
    "Exp006": -0.627,
    "Exp007": -0.654,
    "Exp008": -0.667
  }
}