{
  "final_accuracy": 0.2434,
  "per_experience_accuracy": {
    "Exp000": 0.229,
    "Exp001": 0.15,
    "Exp002": 0.288,
    "Exp003": 0.128,
    "Exp004": 0.175,
    "Exp005": 0.176,
    "Exp006": 0.229,
    "Exp007": 0.175,
    "Exp008": 0.114,
    "Exp009": 0.77
  },
  "forgetting": {
    "Exp000": 0.5780000000000001,
    "Exp001": 0.598,
    "Exp002": 0.47500000000000003,
    "Exp003": 0.511,
    "Exp004": 0.5840000000000001,
    "Exp005": 0.5760000000000001,
    "Exp006": 0.512,
    "Exp007": 0.5090000000000001,
    "Exp008": 0.581
  },
  "bwt": {
    "Exp000": -0.5780000000000001,
    "Exp001": -0.598,
    "Exp002": -0.47500000000000003,
    "Exp003": -0.511,
    "Exp004": -0.5840000000000001,
    "Exp005": -0.5760000000000001,
    "Exp006": -0.512,
    "Exp007": -0.5090000000000001,
    "Exp008": -0.581
  }
}