{
  "final_accuracy": 0.1111,
  "per_experience_accuracy": {
    "Exp000": 0.038,
    "Exp001": 0.009,
    "Exp002": 0.039,
    "Exp003": 0.002,
    "Exp004": 0.062,
    "Exp005": 0.023,
    "Exp006": 0.062,
    "Exp007": 0.041,
    "Exp008": 0.025,
    "Exp009": 0.81
  },
  "forgetting": {
    "Exp000": 0.721,
    "Exp001": 0.736,
    "Exp002": 0.728,
    "Exp003": 0.709,
    "Exp004": 0.72,
    "Exp005": 0.728,
    "Exp006": 0.6970000000000001,
    "Exp007": 0.694,
    "Exp008": 0.737
  },
  "bwt": {
    "Exp000": -0.721,
    "Exp001": -0.736,
    "Exp002": -0.728,
    "Exp003": -0.709,
    "Exp004": -0.72,
    "Exp005": -0.728,
    "Exp006": -0.6970000000000001,
    "Exp007": -0.694,
    "Exp008": -0.737
  }
}