{
  "final_accuracy": 0.1481,
  "per_experience_accuracy": {
    "Exp000": 0.081,
    "Exp001": 0.026,
    "Exp002": 0.108,
    "Exp003": 0.025,
    "Exp004": 0.094,
    "Exp005": 0.03,
    "Exp006": 0.123,
    "Exp007": 0.117,
    "Exp008": 0.055,
    "Exp009": 0.822
  },
  "forgetting": {
    "Exp000": 0.6970000000000001,
    "Exp001": 0.71,
    "Exp002": 0.637,
    "Exp003": 0.691,
    "Exp004": 0.659,
    "Exp005": 0.734,
    "Exp006": 0.642,
    "Exp007": 0.617,
    "Exp008": 0.704
  },
  "bwt": {
    "Exp000": -0.6970000000000001,
    "Exp001": -0.71,
    "Exp002": -0.637,
    "Exp003": -0.691,
    "Exp004": -0.659,
    "Exp005": -0.734,
    "Exp006": -0.642,
    "Exp007": -0.617,
    "Exp008": -0.704
  }
}