{
  "final_accuracy": 0.3306,
  "per_experience_accuracy": {
    "Exp000": 0.285,
    "Exp001": 0.216,
    "Exp002": 0.317,
    "Exp003": 0.199,
    "Exp004": 0.279,
    "Exp005": 0.29,
    "Exp006": 0.337,
    "Exp007": 0.303,
    "Exp008": 0.388,
    "Exp009": 0.692
  },
  "forgetting": {
    "Exp000": 0.446,
    "Exp001": 0.42600000000000005,
    "Exp002": 0.39299999999999996,
    "Exp003": 0.446,
    "Exp004": 0.4169999999999999,
    "Exp005": 0.3940000000000001,
    "Exp006": 0.315,
    "Exp007": 0.299,
    "Exp008": 0.273
  },
  "bwt": {
    "Exp000": -0.446,
    "Exp001": -0.42600000000000005,
    "Exp002": -0.39299999999999996,
    "Exp003": -0.446,
    "Exp004": -0.4169999999999999,
    "Exp005": -0.3940000000000001,
    "Exp006": -0.315,
    "Exp007": -0.299,
    "Exp008": -0.273
  }
}