{
  "final_accuracy": 0.3148,
  "per_experience_accuracy": {
    "Exp000": 0.271,
    "Exp001": 0.208,
    "Exp002": 0.279,
    "Exp003": 0.172,
    "Exp004": 0.278,
    "Exp005": 0.266,
    "Exp006": 0.321,
    "Exp007": 0.287,
    "Exp008": 0.354,
    "Exp009": 0.712
  },
  "forgetting": {
    "Exp000": 0.473,
    "Exp001": 0.42400000000000004,
    "Exp002": 0.4,
    "Exp003": 0.47800000000000004,
    "Exp004": 0.391,
    "Exp005": 0.392,
    "Exp006": 0.292,
    "Exp007": 0.324,
    "Exp008": 0.30700000000000005
  },
  "bwt": {
    "Exp000": -0.473,
    "Exp001": -0.42400000000000004,
    "Exp002": -0.4,
    "Exp003": -0.47800000000000004,
    "Exp004": -0.391,
    "Exp005": -0.392,
    "Exp006": -0.292,
    "Exp007": -0.324,
    "Exp008": -0.30700000000000005
  }
}