{
  "final_accuracy": 0.3082,
  "per_experience_accuracy": {
    "Exp000": 0.258,
    "Exp001": 0.202,
    "Exp002": 0.303,
    "Exp003": 0.173,
    "Exp004": 0.299,
    "Exp005": 0.275,
    "Exp006": 0.278,
    "Exp007": 0.284,
    "Exp008": 0.379,
    "Exp009": 0.631
  },
  "forgetting": {
    "Exp000": 0.47,
    "Exp001": 0.438,
    "Exp002": 0.38300000000000006,
    "Exp003": 0.437,
    "Exp004": 0.36300000000000004,
    "Exp005": 0.41200000000000003,
    "Exp006": 0.392,
    "Exp007": 0.324,
    "Exp008": 0.281
  },
  "bwt": {
    "Exp000": -0.47,
    "Exp001": -0.438,
    "Exp002": -0.38300000000000006,
    "Exp003": -0.437,
    "Exp004": -0.36300000000000004,
    "Exp005": -0.41200000000000003,
    "Exp006": -0.392,
    "Exp007": -0.324,
    "Exp008": -0.281
  }
}