{
  "final_accuracy": 0.3133,
  "per_experience_accuracy": {
    "Exp000": 0.259,
    "Exp001": 0.198,
    "Exp002": 0.302,
    "Exp003": 0.188,
    "Exp004": 0.269,
    "Exp005": 0.285,
    "Exp006": 0.333,
    "Exp007": 0.295,
    "Exp008": 0.357,
    "Exp009": 0.647
  },
  "forgetting": {
    "Exp000": 0.46099999999999997,
    "Exp001": 0.43,
    "Exp002": 0.38699999999999996,
    "Exp003": 0.468,
    "Exp004": 0.41600000000000004,
    "Exp005": 0.37900000000000006,
    "Exp006": 0.321,
    "Exp007": 0.34,
    "Exp008": 0.30000000000000004
  },
  "bwt": {
    "Exp000": -0.46099999999999997,
    "Exp001": -0.43,
    "Exp002": -0.38699999999999996,
    "Exp003": -0.468,
    "Exp004": -0.41600000000000004,
    "Exp005": -0.37900000000000006,
    "Exp006": -0.321,
    "Exp007": -0.34,
    "Exp008": -0.30000000000000004
  }
}