{
  "final_accuracy": 0.3206,
  "per_experience_accuracy": {
    "Exp000": 0.254,
    "Exp001": 0.216,
    "Exp002": 0.325,
    "Exp003": 0.213,
    "Exp004": 0.27,
    "Exp005": 0.3,
    "Exp006": 0.32,
    "Exp007": 0.287,
    "Exp008": 0.367,
    "Exp009": 0.654
  },
  "forgetting": {
    "Exp000": 0.503,
    "Exp001": 0.44100000000000006,
    "Exp002": 0.38999999999999996,
    "Exp003": 0.43000000000000005,
    "Exp004": 0.40800000000000003,
    "Exp005": 0.37400000000000005,
    "Exp006": 0.336,
    "Exp007": 0.34400000000000003,
    "Exp008": 0.30000000000000004
  },
  "bwt": {
    "Exp000": -0.503,
    "Exp001": -0.44100000000000006,
    "Exp002": -0.38999999999999996,
    "Exp003": -0.43000000000000005,
    "Exp004": -0.40800000000000003,
    "Exp005": -0.37400000000000005,
    "Exp006": -0.336,
    "Exp007": -0.34400000000000003,
    "Exp008": -0.30000000000000004
  }
}