{
  "final_accuracy": 0.3107,
  "per_experience_accuracy": {
    "Exp000": 0.255,
    "Exp001": 0.223,
    "Exp002": 0.282,
    "Exp003": 0.178,
    "Exp004": 0.249,
    "Exp005": 0.3,
    "Exp006": 0.299,
    "Exp007": 0.277,
    "Exp008": 0.391,
    "Exp009": 0.653
  },
  "forgetting": {
    "Exp000": 0.45599999999999996,
    "Exp001": 0.406,
    "Exp002": 0.42,
    "Exp003": 0.452,
    "Exp004": 0.42400000000000004,
    "Exp005": 0.36100000000000004,
    "Exp006": 0.36700000000000005,
    "Exp007": 0.31799999999999995,
    "Exp008": 0.249
  },
  "bwt": {
    "Exp000": -0.45599999999999996,
    "Exp001": -0.406,
    "Exp002": -0.42,
    "Exp003": -0.452,
    "Exp004": -0.42400000000000004,
    "Exp005": -0.36100000000000004,
    "Exp006": -0.36700000000000005,
    "Exp007": -0.31799999999999995,
    "Exp008": -0.249
  }
}