{
  "final_accuracy": 0.3117,
  "per_experience_accuracy": {
    "Exp000": 0.242,
    "Exp001": 0.243,
    "Exp002": 0.299,
    "Exp003": 0.196,
    "Exp004": 0.273,
    "Exp005": 0.285,
    "Exp006": 0.275,
    "Exp007": 0.276,
    "Exp008": 0.372,
    "Exp009": 0.656
  },
  "forgetting": {
    "Exp000": 0.507,
    "Exp001": 0.391,
    "Exp002": 0.36200000000000004,
    "Exp003": 0.457,
    "Exp004": 0.41300000000000003,
    "Exp005": 0.37900000000000006,
    "Exp006": 0.355,
    "Exp007": 0.344,
    "Exp008": 0.279
  },
  "bwt": {
    "Exp000": -0.507,
    "Exp001": -0.391,
    "Exp002": -0.36200000000000004,
    "Exp003": -0.457,
    "Exp004": -0.41300000000000003,
    "Exp005": -0.37900000000000006,
    "Exp006": -0.355,
    "Exp007": -0.344,
    "Exp008": -0.279
  }
}