{
  "final_accuracy": 0.3197,
  "per_experience_accuracy": {
    "Exp000": 0.236,
    "Exp001": 0.23,
    "Exp002": 0.315,
    "Exp003": 0.19,
    "Exp004": 0.294,
    "Exp005": 0.254,
    "Exp006": 0.362,
    "Exp007": 0.266,
    "Exp008": 0.391,
    "Exp009": 0.659
  },
  "forgetting": {
    "Exp000": 0.509,
    "Exp001": 0.41700000000000004,
    "Exp002": 0.36100000000000004,
    "Exp003": 0.44,
    "Exp004": 0.36900000000000005,
    "Exp005": 0.41000000000000003,
    "Exp006": 0.29800000000000004,
    "Exp007": 0.32999999999999996,
    "Exp008": 0.274
  },
  "bwt": {
    "Exp000": -0.509,
    "Exp001": -0.41700000000000004,
    "Exp002": -0.36100000000000004,
    "Exp003": -0.44,
    "Exp004": -0.36900000000000005,
    "Exp005": -0.41000000000000003,
    "Exp006": -0.29800000000000004,
    "Exp007": -0.32999999999999996,
    "Exp008": -0.274
  }
}