{
  "final_accuracy": 0.3333,
  "per_experience_accuracy": {
    "Exp000": 0.289,
    "Exp001": 0.252,
    "Exp002": 0.319,
    "Exp003": 0.192,
    "Exp004": 0.291,
    "Exp005": 0.298,
    "Exp006": 0.334,
    "Exp007": 0.3,
    "Exp008": 0.391,
    "Exp009": 0.667
  },
  "forgetting": {
    "Exp000": 0.442,
    "Exp001": 0.41300000000000003,
    "Exp002": 0.38799999999999996,
    "Exp003": 0.439,
    "Exp004": 0.37700000000000006,
    "Exp005": 0.34800000000000003,
    "Exp006": 0.33,
    "Exp007": 0.307,
    "Exp008": 0.252
  },
  "bwt": {
    "Exp000": -0.442,
    "Exp001": -0.41300000000000003,
    "Exp002": -0.38799999999999996,
    "Exp003": -0.439,
    "Exp004": -0.37700000000000006,
    "Exp005": -0.34800000000000003,
    "Exp006": -0.33,
    "Exp007": -0.307,
    "Exp008": -0.252
  }
}