{
  "final_accuracy": 0.309,
  "per_experience_accuracy": {
    "Exp000": 0.26,
    "Exp001": 0.189,
    "Exp002": 0.285,
    "Exp003": 0.163,
    "Exp004": 0.274,
    "Exp005": 0.276,
    "Exp006": 0.347,
    "Exp007": 0.298,
    "Exp008": 0.382,
    "Exp009": 0.616
  },
  "forgetting": {
    "Exp000": 0.46099999999999997,
    "Exp001": 0.438,
    "Exp002": 0.37800000000000006,
    "Exp003": 0.43999999999999995,
    "Exp004": 0.369,
    "Exp005": 0.372,
    "Exp006": 0.29100000000000004,
    "Exp007": 0.304,
    "Exp008": 0.275
  },
  "bwt": {
    "Exp000": -0.46099999999999997,
    "Exp001": -0.438,
    "Exp002": -0.37800000000000006,
    "Exp003": -0.43999999999999995,
    "Exp004": -0.369,
    "Exp005": -0.372,
    "Exp006": -0.29100000000000004,
    "Exp007": -0.304,
    "Exp008": -0.275
  }
}