{
  "final_accuracy": 0.3159,
  "per_experience_accuracy": {
    "Exp000": 0.219,
    "Exp001": 0.203,
    "Exp002": 0.292,
    "Exp003": 0.194,
    "Exp004": 0.274,
    "Exp005": 0.263,
    "Exp006": 0.334,
    "Exp007": 0.315,
    "Exp008": 0.388,
    "Exp009": 0.677
  },
  "forgetting": {
    "Exp000": 0.558,
    "Exp001": 0.49899999999999994,
    "Exp002": 0.432,
    "Exp003": 0.48700000000000004,
    "Exp004": 0.41200000000000003,
    "Exp005": 0.43799999999999994,
    "Exp006": 0.331,
    "Exp007": 0.307,
    "Exp008": 0.29000000000000004
  },
  "bwt": {
    "Exp000": -0.558,
    "Exp001": -0.49899999999999994,
    "Exp002": -0.432,
    "Exp003": -0.48700000000000004,
    "Exp004": -0.41200000000000003,
    "Exp005": -0.43799999999999994,
    "Exp006": -0.331,
    "Exp007": -0.307,
    "Exp008": -0.29000000000000004
  }
}