{
  "final_accuracy": 0.3243,
  "per_experience_accuracy": {
    "Exp000": 0.243,
    "Exp001": 0.223,
    "Exp002": 0.3,
    "Exp003": 0.18,
    "Exp004": 0.288,
    "Exp005": 0.314,
    "Exp006": 0.329,
    "Exp007": 0.283,
    "Exp008": 0.393,
    "Exp009": 0.69
  },
  "forgetting": {
    "Exp000": 0.532,
    "Exp001": 0.5,
    "Exp002": 0.422,
    "Exp003": 0.506,
    "Exp004": 0.3950000000000001,
    "Exp005": 0.39799999999999996,
    "Exp006": 0.35300000000000004,
    "Exp007": 0.34400000000000003,
    "Exp008": 0.266
  },
  "bwt": {
    "Exp000": -0.532,
    "Exp001": -0.5,
    "Exp002": -0.422,
    "Exp003": -0.506,
    "Exp004": -0.3950000000000001,
    "Exp005": -0.39799999999999996,
    "Exp006": -0.35300000000000004,
    "Exp007": -0.34400000000000003,
    "Exp008": -0.266
  }
}