{
  "final_accuracy": 0.3131,
  "per_experience_accuracy": {
    "Exp000": 0.226,
    "Exp001": 0.187,
    "Exp002": 0.296,
    "Exp003": 0.201,
    "Exp004": 0.25,
    "Exp005": 0.303,
    "Exp006": 0.313,
    "Exp007": 0.283,
    "Exp008": 0.383,
    "Exp009": 0.689
  },
  "forgetting": {
    "Exp000": 0.55,
    "Exp001": 0.5409999999999999,
    "Exp002": 0.419,
    "Exp003": 0.47400000000000003,
    "Exp004": 0.44399999999999995,
    "Exp005": 0.427,
    "Exp006": 0.37699999999999995,
    "Exp007": 0.35800000000000004,
    "Exp008": 0.279
  },
  "bwt": {
    "Exp000": -0.55,
    "Exp001": -0.5409999999999999,
    "Exp002": -0.419,
    "Exp003": -0.47400000000000003,
    "Exp004": -0.44399999999999995,
    "Exp005": -0.427,
    "Exp006": -0.37699999999999995,
    "Exp007": -0.35800000000000004,
    "Exp008": -0.279
  }
}