{
  "final_accuracy": 0.3236,
  "per_experience_accuracy": {
    "Exp000": 0.231,
    "Exp001": 0.22,
    "Exp002": 0.291,
    "Exp003": 0.182,
    "Exp004": 0.261,
    "Exp005": 0.299,
    "Exp006": 0.35,
    "Exp007": 0.311,
    "Exp008": 0.412,
    "Exp009": 0.679
  },
  "forgetting": {
    "Exp000": 0.5690000000000001,
    "Exp001": 0.478,
    "Exp002": 0.429,
    "Exp003": 0.5050000000000001,
    "Exp004": 0.42200000000000004,
    "Exp005": 0.409,
    "Exp006": 0.32600000000000007,
    "Exp007": 0.324,
    "Exp008": 0.25900000000000006
  },
  "bwt": {
    "Exp000": -0.5690000000000001,
    "Exp001": -0.478,
    "Exp002": -0.429,
    "Exp003": -0.5050000000000001,
    "Exp004": -0.42200000000000004,
    "Exp005": -0.409,
    "Exp006": -0.32600000000000007,
    "Exp007": -0.324,
    "Exp008": -0.25900000000000006
  }
}