{
  "final_accuracy": 0.3115,
  "per_experience_accuracy": {
    "Exp000": 0.237,
    "Exp001": 0.206,
    "Exp002": 0.259,
    "Exp003": 0.179,
    "Exp004": 0.254,
    "Exp005": 0.285,
    "Exp006": 0.336,
    "Exp007": 0.286,
    "Exp008": 0.383,
    "Exp009": 0.69
  },
  "forgetting": {
    "Exp000": 0.556,
    "Exp001": 0.501,
    "Exp002": 0.46799999999999997,
    "Exp003": 0.49800000000000005,
    "Exp004": 0.43699999999999994,
    "Exp005": 0.41,
    "Exp006": 0.34,
    "Exp007": 0.34400000000000003,
    "Exp008": 0.272
  },
  "bwt": {
    "Exp000": -0.556,
    "Exp001": -0.501,
    "Exp002": -0.46799999999999997,
    "Exp003": -0.49800000000000005,
    "Exp004": -0.43699999999999994,
    "Exp005": -0.41,
    "Exp006": -0.34,
    "Exp007": -0.34400000000000003,
    "Exp008": -0.272
  }
}