{
  "final_accuracy": 0.3153,
  "per_experience_accuracy": {
    "Exp000": 0.243,
    "Exp001": 0.211,
    "Exp002": 0.306,
    "Exp003": 0.162,
    "Exp004": 0.259,
    "Exp005": 0.305,
    "Exp006": 0.318,
    "Exp007": 0.301,
    "Exp008": 0.367,
    "Exp009": 0.681
  },
  "forgetting": {
    "Exp000": 0.558,
    "Exp001": 0.489,
    "Exp002": 0.408,
    "Exp003": 0.5269999999999999,
    "Exp004": 0.42100000000000004,
    "Exp005": 0.36900000000000005,
    "Exp006": 0.35400000000000004,
    "Exp007": 0.35300000000000004,
    "Exp008": 0.31400000000000006
  },
  "bwt": {
    "Exp000": -0.558,
    "Exp001": -0.489,
    "Exp002": -0.408,
    "Exp003": -0.5269999999999999,
    "Exp004": -0.42100000000000004,
    "Exp005": -0.36900000000000005,
    "Exp006": -0.35400000000000004,
    "Exp007": -0.35300000000000004,
    "Exp008": -0.31400000000000006
  }
}