{
  "final_accuracy": 0.3117,
  "per_experience_accuracy": {
    "Exp000": 0.201,
    "Exp001": 0.197,
    "Exp002": 0.302,
    "Exp003": 0.181,
    "Exp004": 0.249,
    "Exp005": 0.287,
    "Exp006": 0.325,
    "Exp007": 0.333,
    "Exp008": 0.387,
    "Exp009": 0.655
  },
  "forgetting": {
    "Exp000": 0.581,
    "Exp001": 0.5369999999999999,
    "Exp002": 0.447,
    "Exp003": 0.48400000000000004,
    "Exp004": 0.45499999999999996,
    "Exp005": 0.418,
    "Exp006": 0.328,
    "Exp007": 0.289,
    "Exp008": 0.259
  },
  "bwt": {
    "Exp000": -0.581,
    "Exp001": -0.5369999999999999,
    "Exp002": -0.447,
    "Exp003": -0.48400000000000004,
    "Exp004": -0.45499999999999996,
    "Exp005": -0.418,
    "Exp006": -0.328,
    "Exp007": -0.289,
    "Exp008": -0.259
  }
}