{
  "final_accuracy": 0.3066,
  "per_experience_accuracy": {
    "Exp000": 0.22,
    "Exp001": 0.211,
    "Exp002": 0.293,
    "Exp003": 0.177,
    "Exp004": 0.234,
    "Exp005": 0.273,
    "Exp006": 0.328,
    "Exp007": 0.288,
    "Exp008": 0.355,
    "Exp009": 0.687
  },
  "forgetting": {
    "Exp000": 0.5650000000000001,
    "Exp001": 0.5,
    "Exp002": 0.438,
    "Exp003": 0.49300000000000005,
    "Exp004": 0.45000000000000007,
    "Exp005": 0.41300000000000003,
    "Exp006": 0.35000000000000003,
    "Exp007": 0.35100000000000003,
    "Exp008": 0.30100000000000005
  },
  "bwt": {
    "Exp000": -0.5650000000000001,
    "Exp001": -0.5,
    "Exp002": -0.438,
    "Exp003": -0.49300000000000005,
    "Exp004": -0.45000000000000007,
    "Exp005": -0.41300000000000003,
    "Exp006": -0.35000000000000003,
    "Exp007": -0.35100000000000003,
    "Exp008": -0.30100000000000005
  }
}