{
  "final_accuracy": 0.3179,
  "per_experience_accuracy": {
    "Exp000": 0.249,
    "Exp001": 0.202,
    "Exp002": 0.297,
    "Exp003": 0.192,
    "Exp004": 0.251,
    "Exp005": 0.291,
    "Exp006": 0.324,
    "Exp007": 0.286,
    "Exp008": 0.412,
    "Exp009": 0.675
  },
  "forgetting": {
    "Exp000": 0.546,
    "Exp001": 0.506,
    "Exp002": 0.41,
    "Exp003": 0.502,
    "Exp004": 0.43500000000000005,
    "Exp005": 0.419,
    "Exp006": 0.35900000000000004,
    "Exp007": 0.337,
    "Exp008": 0.26200000000000007
  },
  "bwt": {
    "Exp000": -0.546,
    "Exp001": -0.506,
    "Exp002": -0.41,
    "Exp003": -0.502,
    "Exp004": -0.43500000000000005,
    "Exp005": -0.419,
    "Exp006": -0.35900000000000004,
    "Exp007": -0.337,
    "Exp008": -0.26200000000000007
  }
}