{
  "final_accuracy": 0.3198,
  "per_experience_accuracy": {
    "Exp000": 0.229,
    "Exp001": 0.194,
    "Exp002": 0.296,
    "Exp003": 0.178,
    "Exp004": 0.266,
    "Exp005": 0.307,
    "Exp006": 0.335,
    "Exp007": 0.301,
    "Exp008": 0.411,
    "Exp009": 0.681
  },
  "forgetting": {
    "Exp000": 0.5660000000000001,
    "Exp001": 0.5369999999999999,
    "Exp002": 0.429,
    "Exp003": 0.5090000000000001,
    "Exp004": 0.42100000000000004,
    "Exp005": 0.39999999999999997,
    "Exp006": 0.333,
    "Exp007": 0.323,
    "Exp008": 0.24300000000000005
  },
  "bwt": {
    "Exp000": -0.5660000000000001,
    "Exp001": -0.5369999999999999,
    "Exp002": -0.429,
    "Exp003": -0.5090000000000001,
    "Exp004": -0.42100000000000004,
    "Exp005": -0.39999999999999997,
    "Exp006": -0.333,
    "Exp007": -0.323,
    "Exp008": -0.24300000000000005
  }
}