{
  "model": "MLP",
  "plugin": "LwF",
  "seed": 4,
  "num_workers": 8,
  "experiences": {
    "0": {
      "mean_batch_loading_time_ms": 23.91745138739256,
      "num_batches": 599
    },
    "1": {
      "mean_batch_loading_time_ms": 23.147663588204946,
      "num_batches": 599
    },
    "2": {
      "mean_batch_loading_time_ms": 23.423252278979316,
      "num_batches": 599
    },
    "3": {
      "mean_batch_loading_time_ms": 23.63680201413138,
      "num_batches": 599
    },
    "4": {
      "mean_batch_loading_time_ms": 24.505873165639095,
      "num_batches": 599
    },
    "5": {
      "mean_batch_loading_time_ms": 23.37887700186896,
      "num_batches": 599
    },
    "6": {
      "mean_batch_loading_time_ms": 23.513607708783898,
      "num_batches": 599
    },
    "7": {
      "mean_batch_loading_time_ms": 23.595782001510585,
      "num_batches": 599
    },
    "8": {
      "mean_batch_loading_time_ms": 23.20343181211035,
      "num_batches": 599
    },
    "9": {
      "mean_batch_loading_time_ms": 23.572180476132935,
      "num_batches": 599
    }
  }
}