{
  "final_accuracy": 0.1216,
  "per_experience_accuracy": {
    "Exp000": 0.0,
    "Exp001": 0.0,
    "Exp002": 0.0,
    "Exp003": 0.0,
    "Exp004": 0.007,
    "Exp005": 0.009,
    "Exp006": 0.032,
    "Exp007": 0.128,
    "Exp008": 0.259,
    "Exp009": 0.781
  },
  "forgetting": {
    "Exp000": 0.743,
    "Exp001": 0.319,
    "Exp002": 0.55,
    "Exp003": 0.602,
    "Exp004": 0.695,
    "Exp005": 0.662,
    "Exp006": 0.6579999999999999,
    "Exp007": 0.531,
    "Exp008": 0.482
  },
  "bwt": {
    "Exp000": -0.743,
    "Exp001": -0.319,
    "Exp002": -0.55,
    "Exp003": -0.602,
    "Exp004": -0.695,
    "Exp005": -0.662,
    "Exp006": -0.6579999999999999,
    "Exp007": -0.531,
    "Exp008": -0.482
  }
}