{
  "model": "MLP",
  "plugin": "LwF",
  "seed": 1,
  "num_workers": 8,
  "experiences": {
    "0": {
      "mean_batch_loading_time_ms": 24.229497143467,
      "num_batches": 599
    },
    "1": {
      "mean_batch_loading_time_ms": 22.832953193860877,
      "num_batches": 599
    },
    "2": {
      "mean_batch_loading_time_ms": 23.20398172932694,
      "num_batches": 599
    },
    "3": {
      "mean_batch_loading_time_ms": 23.51428945712086,
      "num_batches": 599
    },
    "4": {
      "mean_batch_loading_time_ms": 23.156343917292425,
      "num_batches": 599
    },
    "5": {
      "mean_batch_loading_time_ms": 23.637530345699822,
      "num_batches": 599
    },
    "6": {
      "mean_batch_loading_time_ms": 23.152760079189612,
      "num_batches": 599
    },
    "7": {
      "mean_batch_loading_time_ms": 23.417761238394476,
      "num_batches": 599
    },
    "8": {
      "mean_batch_loading_time_ms": 25.087703453168547,
      "num_batches": 599
    },
    "9": {
      "mean_batch_loading_time_ms": 23.149197818540372,
      "num_batches": 599
    }
  }
}