{
  "final_accuracy": 0.1283,
  "per_experience_accuracy": {
    "Exp000": 0.0,
    "Exp001": 0.002,
    "Exp002": 0.0,
    "Exp003": 0.0,
    "Exp004": 0.002,
    "Exp005": 0.009,
    "Exp006": 0.042,
    "Exp007": 0.132,
    "Exp008": 0.315,
    "Exp009": 0.781
  },
  "forgetting": {
    "Exp000": 0.728,
    "Exp001": 0.358,
    "Exp002": 0.544,
    "Exp003": 0.601,
    "Exp004": 0.66,
    "Exp005": 0.6859999999999999,
    "Exp006": 0.642,
    "Exp007": 0.527,
    "Exp008": 0.39399999999999996
  },
  "bwt": {
    "Exp000": -0.728,
    "Exp001": -0.358,
    "Exp002": -0.544,
    "Exp003": -0.601,
    "Exp004": -0.66,
    "Exp005": -0.6859999999999999,
    "Exp006": -0.642,
    "Exp007": -0.527,
    "Exp008": -0.39399999999999996
  }
}