{
  "final_accuracy": 0.1225,
  "per_experience_accuracy": {
    "Exp000": 0.0,
    "Exp001": 0.0,
    "Exp002": 0.0,
    "Exp003": 0.0,
    "Exp004": 0.003,
    "Exp005": 0.009,
    "Exp006": 0.04,
    "Exp007": 0.138,
    "Exp008": 0.267,
    "Exp009": 0.768
  },
  "forgetting": {
    "Exp000": 0.764,
    "Exp001": 0.312,
    "Exp002": 0.557,
    "Exp003": 0.591,
    "Exp004": 0.679,
    "Exp005": 0.664,
    "Exp006": 0.6529999999999999,
    "Exp007": 0.543,
    "Exp008": 0.44699999999999995
  },
  "bwt": {
    "Exp000": -0.764,
    "Exp001": -0.312,
    "Exp002": -0.557,
    "Exp003": -0.591,
    "Exp004": -0.679,
    "Exp005": -0.664,
    "Exp006": -0.6529999999999999,
    "Exp007": -0.543,
    "Exp008": -0.44699999999999995
  }
}