{
  "final_accuracy": 0.1283,
  "per_experience_accuracy": {
    "Exp000": 0.0,
    "Exp001": 0.0,
    "Exp002": 0.002,
    "Exp003": 0.001,
    "Exp004": 0.012,
    "Exp005": 0.021,
    "Exp006": 0.062,
    "Exp007": 0.13,
    "Exp008": 0.284,
    "Exp009": 0.771
  },
  "forgetting": {
    "Exp000": 0.732,
    "Exp001": 0.294,
    "Exp002": 0.589,
    "Exp003": 0.601,
    "Exp004": 0.669,
    "Exp005": 0.6769999999999999,
    "Exp006": 0.631,
    "Exp007": 0.551,
    "Exp008": 0.428
  },
  "bwt": {
    "Exp000": -0.732,
    "Exp001": -0.294,
    "Exp002": -0.589,
    "Exp003": -0.601,
    "Exp004": -0.669,
    "Exp005": -0.6769999999999999,
    "Exp006": -0.631,
    "Exp007": -0.551,
    "Exp008": -0.428
  }
}