{
  "final_accuracy": 0.1317,
  "per_experience_accuracy": {
    "Exp000": 0.0,
    "Exp001": 0.0,
    "Exp002": 0.001,
    "Exp003": 0.0,
    "Exp004": 0.003,
    "Exp005": 0.008,
    "Exp006": 0.042,
    "Exp007": 0.162,
    "Exp008": 0.34,
    "Exp009": 0.761
  },
  "forgetting": {
    "Exp000": 0.758,
    "Exp001": 0.34,
    "Exp002": 0.543,
    "Exp003": 0.565,
    "Exp004": 0.655,
    "Exp005": 0.675,
    "Exp006": 0.644,
    "Exp007": 0.501,
    "Exp008": 0.38399999999999995
  },
  "bwt": {
    "Exp000": -0.758,
    "Exp001": -0.34,
    "Exp002": -0.543,
    "Exp003": -0.565,
    "Exp004": -0.655,
    "Exp005": -0.675,
    "Exp006": -0.644,
    "Exp007": -0.501,
    "Exp008": -0.38399999999999995
  }
}