{
  "final_accuracy": 0.1251,
  "per_experience_accuracy": {
    "Exp000": 0.0,
    "Exp001": 0.0,
    "Exp002": 0.0,
    "Exp003": 0.0,
    "Exp004": 0.008,
    "Exp005": 0.01,
    "Exp006": 0.056,
    "Exp007": 0.096,
    "Exp008": 0.319,
    "Exp009": 0.762
  },
  "forgetting": {
    "Exp000": 0.751,
    "Exp001": 0.342,
    "Exp002": 0.539,
    "Exp003": 0.599,
    "Exp004": 0.677,
    "Exp005": 0.653,
    "Exp006": 0.61,
    "Exp007": 0.544,
    "Exp008": 0.39299999999999996
  },
  "bwt": {
    "Exp000": -0.751,
    "Exp001": -0.342,
    "Exp002": -0.539,
    "Exp003": -0.599,
    "Exp004": -0.677,
    "Exp005": -0.653,
    "Exp006": -0.61,
    "Exp007": -0.544,
    "Exp008": -0.39299999999999996
  }
}