{
  "final_accuracy": 0.1243,
  "per_experience_accuracy": {
    "Exp000": 0.0,
    "Exp001": 0.0,
    "Exp002": 0.0,
    "Exp003": 0.002,
    "Exp004": 0.004,
    "Exp005": 0.008,
    "Exp006": 0.03,
    "Exp007": 0.129,
    "Exp008": 0.305,
    "Exp009": 0.765
  },
  "forgetting": {
    "Exp000": 0.761,
    "Exp001": 0.296,
    "Exp002": 0.564,
    "Exp003": 0.577,
    "Exp004": 0.6839999999999999,
    "Exp005": 0.672,
    "Exp006": 0.6679999999999999,
    "Exp007": 0.538,
    "Exp008": 0.444
  },
  "bwt": {
    "Exp000": -0.761,
    "Exp001": -0.296,
    "Exp002": -0.564,
    "Exp003": -0.577,
    "Exp004": -0.6839999999999999,
    "Exp005": -0.672,
    "Exp006": -0.6679999999999999,
    "Exp007": -0.538,
    "Exp008": -0.444
  }
}