{
  "model": "MLP",
  "plugin": "LwF",
  "seed": 5,
  "num_workers": 8,
  "experiences": {
    "0": {
      "mean_batch_loading_time_ms": 24.786419768464786,
      "num_batches": 599
    },
    "1": {
      "mean_batch_loading_time_ms": 24.086860492079207,
      "num_batches": 599
    },
    "2": {
      "mean_batch_loading_time_ms": 22.960958497067026,
      "num_batches": 599
    },
    "3": {
      "mean_batch_loading_time_ms": 22.76971118247917,
      "num_batches": 599
    },
    "4": {
      "mean_batch_loading_time_ms": 23.310893372273405,
      "num_batches": 599
    },
    "5": {
      "mean_batch_loading_time_ms": 22.993471765757004,
      "num_batches": 599
    },
    "6": {
      "mean_batch_loading_time_ms": 23.257845317717884,
      "num_batches": 599
    },
    "7": {
      "mean_batch_loading_time_ms": 23.464145745230038,
      "num_batches": 599
    },
    "8": {
      "mean_batch_loading_time_ms": 23.335531097409223,
      "num_batches": 599
    },
    "9": {
      "mean_batch_loading_time_ms": 22.907100563467743,
      "num_batches": 599
    }
  }
}