{
  "final_accuracy": 0.1251,
  "per_experience_accuracy": {
    "Exp000": 0.0,
    "Exp001": 0.0,
    "Exp002": 0.0,
    "Exp003": 0.0,
    "Exp004": 0.005,
    "Exp005": 0.008,
    "Exp006": 0.063,
    "Exp007": 0.165,
    "Exp008": 0.256,
    "Exp009": 0.754
  },
  "forgetting": {
    "Exp000": 0.735,
    "Exp001": 0.324,
    "Exp002": 0.518,
    "Exp003": 0.547,
    "Exp004": 0.688,
    "Exp005": 0.676,
    "Exp006": 0.6319999999999999,
    "Exp007": 0.5,
    "Exp008": 0.45899999999999996
  },
  "bwt": {
    "Exp000": -0.735,
    "Exp001": -0.324,
    "Exp002": -0.518,
    "Exp003": -0.547,
    "Exp004": -0.688,
    "Exp005": -0.676,
    "Exp006": -0.6319999999999999,
    "Exp007": -0.5,
    "Exp008": -0.45899999999999996
  }
}