{
  "final_accuracy": 0.125,
  "per_experience_accuracy": {
    "Exp000": 0.0,
    "Exp001": 0.001,
    "Exp002": 0.001,
    "Exp003": 0.0,
    "Exp004": 0.009,
    "Exp005": 0.007,
    "Exp006": 0.043,
    "Exp007": 0.134,
    "Exp008": 0.288,
    "Exp009": 0.767
  },
  "forgetting": {
    "Exp000": 0.746,
    "Exp001": 0.324,
    "Exp002": 0.593,
    "Exp003": 0.549,
    "Exp004": 0.664,
    "Exp005": 0.655,
    "Exp006": 0.6519999999999999,
    "Exp007": 0.544,
    "Exp008": 0.43
  },
  "bwt": {
    "Exp000": -0.746,
    "Exp001": -0.324,
    "Exp002": -0.593,
    "Exp003": -0.549,
    "Exp004": -0.664,
    "Exp005": -0.655,
    "Exp006": -0.6519999999999999,
    "Exp007": -0.544,
    "Exp008": -0.43
  }
}