{
  "final_accuracy": 0.126,
  "per_experience_accuracy": {
    "Exp000": 0.0,
    "Exp001": 0.0,
    "Exp002": 0.002,
    "Exp003": 0.0,
    "Exp004": 0.005,
    "Exp005": 0.009,
    "Exp006": 0.035,
    "Exp007": 0.144,
    "Exp008": 0.306,
    "Exp009": 0.759
  },
  "forgetting": {
    "Exp000": 0.751,
    "Exp001": 0.293,
    "Exp002": 0.593,
    "Exp003": 0.578,
    "Exp004": 0.681,
    "Exp005": 0.674,
    "Exp006": 0.643,
    "Exp007": 0.539,
    "Exp008": 0.39499999999999996
  },
  "bwt": {
    "Exp000": -0.751,
    "Exp001": -0.293,
    "Exp002": -0.593,
    "Exp003": -0.578,
    "Exp004": -0.681,
    "Exp005": -0.674,
    "Exp006": -0.643,
    "Exp007": -0.539,
    "Exp008": -0.39499999999999996
  }
}