{
  "final_accuracy": 0.171,
  "per_experience_accuracy": {
    "Exp000": 0.013,
    "Exp001": 0.008,
    "Exp002": 0.032,
    "Exp003": 0.033,
    "Exp004": 0.046,
    "Exp005": 0.103,
    "Exp006": 0.15,
    "Exp007": 0.239,
    "Exp008": 0.352,
    "Exp009": 0.734
  },
  "forgetting": {
    "Exp000": 0.774,
    "Exp001": 0.22999999999999998,
    "Exp002": 0.274,
    "Exp003": 0.369,
    "Exp004": 0.47800000000000004,
    "Exp005": 0.46699999999999997,
    "Exp006": 0.481,
    "Exp007": 0.371,
    "Exp008": 0.33100000000000007
  },
  "bwt": {
    "Exp000": -0.774,
    "Exp001": -0.22999999999999998,
    "Exp002": -0.274,
    "Exp003": -0.369,
    "Exp004": -0.47800000000000004,
    "Exp005": -0.46699999999999997,
    "Exp006": -0.481,
    "Exp007": -0.371,
    "Exp008": -0.33100000000000007
  }
}