{
  "final_accuracy": 0.1572,
  "per_experience_accuracy": {
    "Exp000": 0.003,
    "Exp001": 0.004,
    "Exp002": 0.029,
    "Exp003": 0.017,
    "Exp004": 0.027,
    "Exp005": 0.058,
    "Exp006": 0.106,
    "Exp007": 0.235,
    "Exp008": 0.331,
    "Exp009": 0.762
  },
  "forgetting": {
    "Exp000": 0.781,
    "Exp001": 0.23,
    "Exp002": 0.308,
    "Exp003": 0.319,
    "Exp004": 0.508,
    "Exp005": 0.5339999999999999,
    "Exp006": 0.511,
    "Exp007": 0.374,
    "Exp008": 0.329
  },
  "bwt": {
    "Exp000": -0.781,
    "Exp001": -0.23,
    "Exp002": -0.308,
    "Exp003": -0.319,
    "Exp004": -0.508,
    "Exp005": -0.5339999999999999,
    "Exp006": -0.511,
    "Exp007": -0.374,
    "Exp008": -0.329
  }
}