{
  "final_accuracy": 0.1685,
  "per_experience_accuracy": {
    "Exp000": 0.019,
    "Exp001": 0.011,
    "Exp002": 0.043,
    "Exp003": 0.033,
    "Exp004": 0.064,
    "Exp005": 0.077,
    "Exp006": 0.085,
    "Exp007": 0.257,
    "Exp008": 0.369,
    "Exp009": 0.727
  },
  "forgetting": {
    "Exp000": 0.765,
    "Exp001": 0.251,
    "Exp002": 0.392,
    "Exp003": 0.41300000000000003,
    "Exp004": 0.5129999999999999,
    "Exp005": 0.502,
    "Exp006": 0.55,
    "Exp007": 0.385,
    "Exp008": 0.273
  },
  "bwt": {
    "Exp000": -0.765,
    "Exp001": -0.251,
    "Exp002": -0.392,
    "Exp003": -0.41300000000000003,
    "Exp004": -0.5129999999999999,
    "Exp005": -0.502,
    "Exp006": -0.55,
    "Exp007": -0.385,
    "Exp008": -0.273
  }
}