{
  "final_accuracy": 0.1581,
  "per_experience_accuracy": {
    "Exp000": 0.009,
    "Exp001": 0.007,
    "Exp002": 0.02,
    "Exp003": 0.018,
    "Exp004": 0.03,
    "Exp005": 0.065,
    "Exp006": 0.091,
    "Exp007": 0.246,
    "Exp008": 0.348,
    "Exp009": 0.747
  },
  "forgetting": {
    "Exp000": 0.77,
    "Exp001": 0.224,
    "Exp002": 0.318,
    "Exp003": 0.33699999999999997,
    "Exp004": 0.512,
    "Exp005": 0.56,
    "Exp006": 0.515,
    "Exp007": 0.397,
    "Exp008": 0.30500000000000005
  },
  "bwt": {
    "Exp000": -0.77,
    "Exp001": -0.224,
    "Exp002": -0.318,
    "Exp003": -0.33699999999999997,
    "Exp004": -0.512,
    "Exp005": -0.56,
    "Exp006": -0.515,
    "Exp007": -0.397,
    "Exp008": -0.30500000000000005
  }
}