{
  "final_accuracy": 0.164,
  "per_experience_accuracy": {
    "Exp000": 0.015,
    "Exp001": 0.01,
    "Exp002": 0.024,
    "Exp003": 0.034,
    "Exp004": 0.039,
    "Exp005": 0.056,
    "Exp006": 0.124,
    "Exp007": 0.238,
    "Exp008": 0.382,
    "Exp009": 0.718
  },
  "forgetting": {
    "Exp000": 0.765,
    "Exp001": 0.214,
    "Exp002": 0.302,
    "Exp003": 0.356,
    "Exp004": 0.49700000000000005,
    "Exp005": 0.574,
    "Exp006": 0.509,
    "Exp007": 0.358,
    "Exp008": 0.29700000000000004
  },
  "bwt": {
    "Exp000": -0.765,
    "Exp001": -0.214,
    "Exp002": -0.302,
    "Exp003": -0.356,
    "Exp004": -0.49700000000000005,
    "Exp005": -0.574,
    "Exp006": -0.509,
    "Exp007": -0.358,
    "Exp008": -0.29700000000000004
  }
}