{
  "final_accuracy": 0.159,
  "per_experience_accuracy": {
    "Exp000": 0.007,
    "Exp001": 0.001,
    "Exp002": 0.014,
    "Exp003": 0.017,
    "Exp004": 0.037,
    "Exp005": 0.052,
    "Exp006": 0.143,
    "Exp007": 0.237,
    "Exp008": 0.394,
    "Exp009": 0.688
  },
  "forgetting": {
    "Exp000": 0.788,
    "Exp001": 0.225,
    "Exp002": 0.34199999999999997,
    "Exp003": 0.387,
    "Exp004": 0.49200000000000005,
    "Exp005": 0.5379999999999999,
    "Exp006": 0.503,
    "Exp007": 0.399,
    "Exp008": 0.30199999999999994
  },
  "bwt": {
    "Exp000": -0.788,
    "Exp001": -0.225,
    "Exp002": -0.34199999999999997,
    "Exp003": -0.387,
    "Exp004": -0.49200000000000005,
    "Exp005": -0.5379999999999999,
    "Exp006": -0.503,
    "Exp007": -0.399,
    "Exp008": -0.30199999999999994
  }
}