{
  "final_accuracy": 0.1643,
  "per_experience_accuracy": {
    "Exp000": 0.015,
    "Exp001": 0.01,
    "Exp002": 0.037,
    "Exp003": 0.038,
    "Exp004": 0.042,
    "Exp005": 0.052,
    "Exp006": 0.115,
    "Exp007": 0.256,
    "Exp008": 0.347,
    "Exp009": 0.731
  },
  "forgetting": {
    "Exp000": 0.779,
    "Exp001": 0.20299999999999999,
    "Exp002": 0.28900000000000003,
    "Exp003": 0.35800000000000004,
    "Exp004": 0.448,
    "Exp005": 0.5439999999999999,
    "Exp006": 0.503,
    "Exp007": 0.402,
    "Exp008": 0.29300000000000004
  },
  "bwt": {
    "Exp000": -0.779,
    "Exp001": -0.20299999999999999,
    "Exp002": -0.28900000000000003,
    "Exp003": -0.35800000000000004,
    "Exp004": -0.448,
    "Exp005": -0.5439999999999999,
    "Exp006": -0.503,
    "Exp007": -0.402,
    "Exp008": -0.29300000000000004
  }
}