{
  "final_accuracy": 0.1504,
  "per_experience_accuracy": {
    "Exp000": 0.006,
    "Exp001": 0.001,
    "Exp002": 0.024,
    "Exp003": 0.021,
    "Exp004": 0.022,
    "Exp005": 0.043,
    "Exp006": 0.097,
    "Exp007": 0.187,
    "Exp008": 0.335,
    "Exp009": 0.768
  },
  "forgetting": {
    "Exp000": 0.794,
    "Exp001": 0.218,
    "Exp002": 0.27099999999999996,
    "Exp003": 0.32299999999999995,
    "Exp004": 0.45499999999999996,
    "Exp005": 0.569,
    "Exp006": 0.56,
    "Exp007": 0.448,
    "Exp008": 0.35000000000000003
  },
  "bwt": {
    "Exp000": -0.794,
    "Exp001": -0.218,
    "Exp002": -0.27099999999999996,
    "Exp003": -0.32299999999999995,
    "Exp004": -0.45499999999999996,
    "Exp005": -0.569,
    "Exp006": -0.56,
    "Exp007": -0.448,
    "Exp008": -0.35000000000000003
  }
}