{
  "final_accuracy": 0.1608,
  "per_experience_accuracy": {
    "Exp000": 0.018,
    "Exp001": 0.004,
    "Exp002": 0.024,
    "Exp003": 0.024,
    "Exp004": 0.035,
    "Exp005": 0.048,
    "Exp006": 0.118,
    "Exp007": 0.242,
    "Exp008": 0.387,
    "Exp009": 0.708
  },
  "forgetting": {
    "Exp000": 0.747,
    "Exp001": 0.248,
    "Exp002": 0.296,
    "Exp003": 0.354,
    "Exp004": 0.473,
    "Exp005": 0.5259999999999999,
    "Exp006": 0.506,
    "Exp007": 0.406,
    "Exp008": 0.29800000000000004
  },
  "bwt": {
    "Exp000": -0.747,
    "Exp001": -0.248,
    "Exp002": -0.296,
    "Exp003": -0.354,
    "Exp004": -0.473,
    "Exp005": -0.5259999999999999,
    "Exp006": -0.506,
    "Exp007": -0.406,
    "Exp008": -0.29800000000000004
  }
}