{
  "final_accuracy": 0.1048,
  "per_experience_accuracy": {
    "Exp000": 0.0,
    "Exp001": 0.0,
    "Exp002": 0.0,
    "Exp003": 0.001,
    "Exp004": 0.002,
    "Exp005": 0.004,
    "Exp006": 0.027,
    "Exp007": 0.069,
    "Exp008": 0.266,
    "Exp009": 0.679
  },
  "forgetting": {
    "Exp000": 0.744,
    "Exp001": 0.309,
    "Exp002": 0.544,
    "Exp003": 0.56,
    "Exp004": 0.625,
    "Exp005": 0.642,
    "Exp006": 0.649,
    "Exp007": 0.581,
    "Exp008": 0.40900000000000003
  },
  "bwt": {
    "Exp000": -0.744,
    "Exp001": -0.309,
    "Exp002": -0.544,
    "Exp003": -0.56,
    "Exp004": -0.625,
    "Exp005": -0.642,
    "Exp006": -0.649,
    "Exp007": -0.581,
    "Exp008": -0.40900000000000003
  }
}