{
  "final_accuracy": 0.1084,
  "per_experience_accuracy": {
    "Exp000": 0.0,
    "Exp001": 0.0,
    "Exp002": 0.0,
    "Exp003": 0.0,
    "Exp004": 0.005,
    "Exp005": 0.006,
    "Exp006": 0.042,
    "Exp007": 0.084,
    "Exp008": 0.233,
    "Exp009": 0.714
  },
  "forgetting": {
    "Exp000": 0.724,
    "Exp001": 0.338,
    "Exp002": 0.438,
    "Exp003": 0.571,
    "Exp004": 0.659,
    "Exp005": 0.617,
    "Exp006": 0.622,
    "Exp007": 0.548,
    "Exp008": 0.44500000000000006
  },
  "bwt": {
    "Exp000": -0.724,
    "Exp001": -0.338,
    "Exp002": -0.438,
    "Exp003": -0.571,
    "Exp004": -0.659,
    "Exp005": -0.617,
    "Exp006": -0.622,
    "Exp007": -0.548,
    "Exp008": -0.44500000000000006
  }
}