{
  "final_accuracy": 0.1083,
  "per_experience_accuracy": {
    "Exp000": 0.0,
    "Exp001": 0.0,
    "Exp002": 0.0,
    "Exp003": 0.0,
    "Exp004": 0.003,
    "Exp005": 0.001,
    "Exp006": 0.024,
    "Exp007": 0.085,
    "Exp008": 0.239,
    "Exp009": 0.731
  },
  "forgetting": {
    "Exp000": 0.729,
    "Exp001": 0.298,
    "Exp002": 0.52,
    "Exp003": 0.568,
    "Exp004": 0.674,
    "Exp005": 0.666,
    "Exp006": 0.6649999999999999,
    "Exp007": 0.5640000000000001,
    "Exp008": 0.44500000000000006
  },
  "bwt": {
    "Exp000": -0.729,
    "Exp001": -0.298,
    "Exp002": -0.52,
    "Exp003": -0.568,
    "Exp004": -0.674,
    "Exp005": -0.666,
    "Exp006": -0.6649999999999999,
    "Exp007": -0.5640000000000001,
    "Exp008": -0.44500000000000006
  }
}