{
  "final_accuracy": 0.1031,
  "per_experience_accuracy": {
    "Exp000": 0.0,
    "Exp001": 0.0,
    "Exp002": 0.0,
    "Exp003": 0.0,
    "Exp004": 0.001,
    "Exp005": 0.003,
    "Exp006": 0.018,
    "Exp007": 0.076,
    "Exp008": 0.242,
    "Exp009": 0.691
  },
  "forgetting": {
    "Exp000": 0.726,
    "Exp001": 0.319,
    "Exp002": 0.518,
    "Exp003": 0.567,
    "Exp004": 0.671,
    "Exp005": 0.635,
    "Exp006": 0.649,
    "Exp007": 0.532,
    "Exp008": 0.44599999999999995
  },
  "bwt": {
    "Exp000": -0.726,
    "Exp001": -0.319,
    "Exp002": -0.518,
    "Exp003": -0.567,
    "Exp004": -0.671,
    "Exp005": -0.635,
    "Exp006": -0.649,
    "Exp007": -0.532,
    "Exp008": -0.44599999999999995
  }
}