{
  "final_accuracy": 0.1044,
  "per_experience_accuracy": {
    "Exp000": 0.0,
    "Exp001": 0.0,
    "Exp002": 0.0,
    "Exp003": 0.0,
    "Exp004": 0.001,
    "Exp005": 0.001,
    "Exp006": 0.027,
    "Exp007": 0.059,
    "Exp008": 0.256,
    "Exp009": 0.7
  },
  "forgetting": {
    "Exp000": 0.709,
    "Exp001": 0.284,
    "Exp002": 0.49,
    "Exp003": 0.55,
    "Exp004": 0.618,
    "Exp005": 0.655,
    "Exp006": 0.597,
    "Exp007": 0.536,
    "Exp008": 0.41200000000000003
  },
  "bwt": {
    "Exp000": -0.709,
    "Exp001": -0.284,
    "Exp002": -0.49,
    "Exp003": -0.55,
    "Exp004": -0.618,
    "Exp005": -0.655,
    "Exp006": -0.597,
    "Exp007": -0.536,
    "Exp008": -0.41200000000000003
  }
}