{
  "final_accuracy": 0.1096,
  "per_experience_accuracy": {
    "Exp000": 0.0,
    "Exp001": 0.0,
    "Exp002": 0.0,
    "Exp003": 0.0,
    "Exp004": 0.0,
    "Exp005": 0.002,
    "Exp006": 0.019,
    "Exp007": 0.075,
    "Exp008": 0.284,
    "Exp009": 0.716
  },
  "forgetting": {
    "Exp000": 0.736,
    "Exp001": 0.29,
    "Exp002": 0.494,
    "Exp003": 0.567,
    "Exp004": 0.652,
    "Exp005": 0.628,
    "Exp006": 0.666,
    "Exp007": 0.5730000000000001,
    "Exp008": 0.38200000000000006
  },
  "bwt": {
    "Exp000": -0.736,
    "Exp001": -0.29,
    "Exp002": -0.494,
    "Exp003": -0.567,
    "Exp004": -0.652,
    "Exp005": -0.628,
    "Exp006": -0.666,
    "Exp007": -0.5730000000000001,
    "Exp008": -0.38200000000000006
  }
}