{
  "final_accuracy": 0.1056,
  "per_experience_accuracy": {
    "Exp000": 0.0,
    "Exp001": 0.0,
    "Exp002": 0.0,
    "Exp003": 0.0,
    "Exp004": 0.002,
    "Exp005": 0.002,
    "Exp006": 0.033,
    "Exp007": 0.064,
    "Exp008": 0.261,
    "Exp009": 0.694
  },
  "forgetting": {
    "Exp000": 0.733,
    "Exp001": 0.299,
    "Exp002": 0.498,
    "Exp003": 0.507,
    "Exp004": 0.641,
    "Exp005": 0.642,
    "Exp006": 0.624,
    "Exp007": 0.569,
    "Exp008": 0.41400000000000003
  },
  "bwt": {
    "Exp000": -0.733,
    "Exp001": -0.299,
    "Exp002": -0.498,
    "Exp003": -0.507,
    "Exp004": -0.641,
    "Exp005": -0.642,
    "Exp006": -0.624,
    "Exp007": -0.569,
    "Exp008": -0.41400000000000003
  }
}