{
  "final_accuracy": 0.1056,
  "per_experience_accuracy": {
    "Exp000": 0.0,
    "Exp001": 0.0,
    "Exp002": 0.0,
    "Exp003": 0.0,
    "Exp004": 0.002,
    "Exp005": 0.003,
    "Exp006": 0.033,
    "Exp007": 0.072,
    "Exp008": 0.24,
    "Exp009": 0.706
  },
  "forgetting": {
    "Exp000": 0.723,
    "Exp001": 0.239,
    "Exp002": 0.413,
    "Exp003": 0.523,
    "Exp004": 0.66,
    "Exp005": 0.632,
    "Exp006": 0.623,
    "Exp007": 0.547,
    "Exp008": 0.43100000000000005
  },
  "bwt": {
    "Exp000": -0.723,
    "Exp001": -0.239,
    "Exp002": -0.413,
    "Exp003": -0.523,
    "Exp004": -0.66,
    "Exp005": -0.632,
    "Exp006": -0.623,
    "Exp007": -0.547,
    "Exp008": -0.43100000000000005
  }
}