{
  "final_accuracy": 0.1903,
  "per_experience_accuracy": {
    "Exp000": 0.025,
    "Exp001": 0.019,
    "Exp002": 0.076,
    "Exp003": 0.049,
    "Exp004": 0.084,
    "Exp005": 0.104,
    "Exp006": 0.186,
    "Exp007": 0.303,
    "Exp008": 0.351,
    "Exp009": 0.706
  },
  "forgetting": {
    "Exp000": 0.701,
    "Exp001": 0.27399999999999997,
    "Exp002": 0.372,
    "Exp003": 0.47200000000000003,
    "Exp004": 0.502,
    "Exp005": 0.539,
    "Exp006": 0.409,
    "Exp007": 0.335,
    "Exp008": 0.30000000000000004
  },
  "bwt": {
    "Exp000": -0.701,
    "Exp001": -0.27399999999999997,
    "Exp002": -0.372,
    "Exp003": -0.47200000000000003,
    "Exp004": -0.502,
    "Exp005": -0.539,
    "Exp006": -0.409,
    "Exp007": -0.335,
    "Exp008": -0.30000000000000004
  }
}