{
  "final_accuracy": 0.1916,
  "per_experience_accuracy": {
    "Exp000": 0.013,
    "Exp001": 0.011,
    "Exp002": 0.077,
    "Exp003": 0.051,
    "Exp004": 0.148,
    "Exp005": 0.112,
    "Exp006": 0.168,
    "Exp007": 0.254,
    "Exp008": 0.38,
    "Exp009": 0.702
  },
  "forgetting": {
    "Exp000": 0.694,
    "Exp001": 0.317,
    "Exp002": 0.39,
    "Exp003": 0.49800000000000005,
    "Exp004": 0.45599999999999996,
    "Exp005": 0.511,
    "Exp006": 0.46599999999999997,
    "Exp007": 0.373,
    "Exp008": 0.259
  },
  "bwt": {
    "Exp000": -0.694,
    "Exp001": -0.317,
    "Exp002": -0.39,
    "Exp003": -0.49800000000000005,
    "Exp004": -0.45599999999999996,
    "Exp005": -0.511,
    "Exp006": -0.46599999999999997,
    "Exp007": -0.373,
    "Exp008": -0.259
  }
}