{
  "final_accuracy": 0.1669,
  "per_experience_accuracy": {
    "Exp000": 0.015,
    "Exp001": 0.019,
    "Exp002": 0.055,
    "Exp003": 0.044,
    "Exp004": 0.084,
    "Exp005": 0.071,
    "Exp006": 0.144,
    "Exp007": 0.226,
    "Exp008": 0.284,
    "Exp009": 0.727
  },
  "forgetting": {
    "Exp000": 0.721,
    "Exp001": 0.256,
    "Exp002": 0.354,
    "Exp003": 0.461,
    "Exp004": 0.559,
    "Exp005": 0.546,
    "Exp006": 0.494,
    "Exp007": 0.351,
    "Exp008": 0.35800000000000004
  },
  "bwt": {
    "Exp000": -0.721,
    "Exp001": -0.256,
    "Exp002": -0.354,
    "Exp003": -0.461,
    "Exp004": -0.559,
    "Exp005": -0.546,
    "Exp006": -0.494,
    "Exp007": -0.351,
    "Exp008": -0.35800000000000004
  }
}