{
  "final_accuracy": 0.1639,
  "per_experience_accuracy": {
    "Exp000": 0.011,
    "Exp001": 0.006,
    "Exp002": 0.029,
    "Exp003": 0.041,
    "Exp004": 0.072,
    "Exp005": 0.06,
    "Exp006": 0.151,
    "Exp007": 0.209,
    "Exp008": 0.375,
    "Exp009": 0.685
  },
  "forgetting": {
    "Exp000": 0.709,
    "Exp001": 0.284,
    "Exp002": 0.40399999999999997,
    "Exp003": 0.429,
    "Exp004": 0.509,
    "Exp005": 0.5589999999999999,
    "Exp006": 0.482,
    "Exp007": 0.41400000000000003,
    "Exp008": 0.28600000000000003
  },
  "bwt": {
    "Exp000": -0.709,
    "Exp001": -0.284,
    "Exp002": -0.40399999999999997,
    "Exp003": -0.429,
    "Exp004": -0.509,
    "Exp005": -0.5589999999999999,
    "Exp006": -0.482,
    "Exp007": -0.41400000000000003,
    "Exp008": -0.28600000000000003
  }
}