{
  "final_accuracy": 0.1799,
  "per_experience_accuracy": {
    "Exp000": 0.037,
    "Exp001": 0.004,
    "Exp002": 0.058,
    "Exp003": 0.061,
    "Exp004": 0.093,
    "Exp005": 0.12,
    "Exp006": 0.149,
    "Exp007": 0.269,
    "Exp008": 0.329,
    "Exp009": 0.679
  },
  "forgetting": {
    "Exp000": 0.6809999999999999,
    "Exp001": 0.195,
    "Exp002": 0.399,
    "Exp003": 0.42,
    "Exp004": 0.4630000000000001,
    "Exp005": 0.45299999999999996,
    "Exp006": 0.474,
    "Exp007": 0.346,
    "Exp008": 0.306
  },
  "bwt": {
    "Exp000": -0.6809999999999999,
    "Exp001": -0.195,
    "Exp002": -0.399,
    "Exp003": -0.42,
    "Exp004": -0.4630000000000001,
    "Exp005": -0.45299999999999996,
    "Exp006": -0.474,
    "Exp007": -0.346,
    "Exp008": -0.306
  }
}