{
  "final_accuracy": 0.1785,
  "per_experience_accuracy": {
    "Exp000": 0.014,
    "Exp001": 0.012,
    "Exp002": 0.088,
    "Exp003": 0.044,
    "Exp004": 0.11,
    "Exp005": 0.087,
    "Exp006": 0.142,
    "Exp007": 0.229,
    "Exp008": 0.373,
    "Exp009": 0.686
  },
  "forgetting": {
    "Exp000": 0.707,
    "Exp001": 0.19899999999999998,
    "Exp002": 0.389,
    "Exp003": 0.438,
    "Exp004": 0.45999999999999996,
    "Exp005": 0.514,
    "Exp006": 0.47,
    "Exp007": 0.384,
    "Exp008": 0.268
  },
  "bwt": {
    "Exp000": -0.707,
    "Exp001": -0.19899999999999998,
    "Exp002": -0.389,
    "Exp003": -0.438,
    "Exp004": -0.45999999999999996,
    "Exp005": -0.514,
    "Exp006": -0.47,
    "Exp007": -0.384,
    "Exp008": -0.268
  }
}