{
  "final_accuracy": 0.1836,
  "per_experience_accuracy": {
    "Exp000": 0.023,
    "Exp001": 0.014,
    "Exp002": 0.068,
    "Exp003": 0.041,
    "Exp004": 0.107,
    "Exp005": 0.095,
    "Exp006": 0.182,
    "Exp007": 0.257,
    "Exp008": 0.324,
    "Exp009": 0.725
  },
  "forgetting": {
    "Exp000": 0.703,
    "Exp001": 0.208,
    "Exp002": 0.382,
    "Exp003": 0.41200000000000003,
    "Exp004": 0.488,
    "Exp005": 0.507,
    "Exp006": 0.47900000000000004,
    "Exp007": 0.369,
    "Exp008": 0.333
  },
  "bwt": {
    "Exp000": -0.703,
    "Exp001": -0.208,
    "Exp002": -0.382,
    "Exp003": -0.41200000000000003,
    "Exp004": -0.488,
    "Exp005": -0.507,
    "Exp006": -0.47900000000000004,
    "Exp007": -0.369,
    "Exp008": -0.333
  }
}