{
  "final_accuracy": 0.1827,
  "per_experience_accuracy": {
    "Exp000": 0.006,
    "Exp001": 0.021,
    "Exp002": 0.066,
    "Exp003": 0.036,
    "Exp004": 0.097,
    "Exp005": 0.099,
    "Exp006": 0.145,
    "Exp007": 0.274,
    "Exp008": 0.361,
    "Exp009": 0.722
  },
  "forgetting": {
    "Exp000": 0.724,
    "Exp001": 0.3,
    "Exp002": 0.444,
    "Exp003": 0.45,
    "Exp004": 0.534,
    "Exp005": 0.56,
    "Exp006": 0.46299999999999997,
    "Exp007": 0.30599999999999994,
    "Exp008": 0.273
  },
  "bwt": {
    "Exp000": -0.724,
    "Exp001": -0.3,
    "Exp002": -0.444,
    "Exp003": -0.45,
    "Exp004": -0.534,
    "Exp005": -0.56,
    "Exp006": -0.46299999999999997,
    "Exp007": -0.30599999999999994,
    "Exp008": -0.273
  }
}