{
  "final_accuracy": 0.1739,
  "per_experience_accuracy": {
    "Exp000": 0.01,
    "Exp001": 0.01,
    "Exp002": 0.051,
    "Exp003": 0.051,
    "Exp004": 0.1,
    "Exp005": 0.075,
    "Exp006": 0.166,
    "Exp007": 0.229,
    "Exp008": 0.353,
    "Exp009": 0.694
  },
  "forgetting": {
    "Exp000": 0.716,
    "Exp001": 0.22999999999999998,
    "Exp002": 0.33,
    "Exp003": 0.461,
    "Exp004": 0.526,
    "Exp005": 0.546,
    "Exp006": 0.46099999999999997,
    "Exp007": 0.397,
    "Exp008": 0.28300000000000003
  },
  "bwt": {
    "Exp000": -0.716,
    "Exp001": -0.22999999999999998,
    "Exp002": -0.33,
    "Exp003": -0.461,
    "Exp004": -0.526,
    "Exp005": -0.546,
    "Exp006": -0.46099999999999997,
    "Exp007": -0.397,
    "Exp008": -0.28300000000000003
  }
}