{
  "final_accuracy": 0.1799,
  "per_experience_accuracy": {
    "Exp000": 0.018,
    "Exp001": 0.013,
    "Exp002": 0.048,
    "Exp003": 0.042,
    "Exp004": 0.061,
    "Exp005": 0.087,
    "Exp006": 0.163,
    "Exp007": 0.281,
    "Exp008": 0.378,
    "Exp009": 0.708
  },
  "forgetting": {
    "Exp000": 0.724,
    "Exp001": 0.268,
    "Exp002": 0.40900000000000003,
    "Exp003": 0.442,
    "Exp004": 0.5329999999999999,
    "Exp005": 0.531,
    "Exp006": 0.481,
    "Exp007": 0.32899999999999996,
    "Exp008": 0.28800000000000003
  },
  "bwt": {
    "Exp000": -0.724,
    "Exp001": -0.268,
    "Exp002": -0.40900000000000003,
    "Exp003": -0.442,
    "Exp004": -0.5329999999999999,
    "Exp005": -0.531,
    "Exp006": -0.481,
    "Exp007": -0.32899999999999996,
    "Exp008": -0.28800000000000003
  }
}