{
  "final_accuracy": 0.0599,
  "per_experience_accuracy": {
    "Exp000": 0.018,
    "Exp001": 0.0,
    "Exp002": 0.004,
    "Exp003": 0.0,
    "Exp004": 0.0,
    "Exp005": 0.0,
    "Exp006": 0.0,
    "Exp007": 0.0,
    "Exp008": 0.001,
    "Exp009": 0.576
  },
  "forgetting": {
    "Exp000": 0.762,
    "Exp001": 0.475,
    "Exp002": 0.5589999999999999,
    "Exp003": 0.529,
    "Exp004": 0.552,
    "Exp005": 0.548,
    "Exp006": 0.576,
    "Exp007": 0.523,
    "Exp008": 0.544
  },
  "bwt": {
    "Exp000": -0.762,
    "Exp001": -0.475,
    "Exp002": -0.5589999999999999,
    "Exp003": -0.529,
    "Exp004": -0.552,
    "Exp005": -0.548,
    "Exp006": -0.576,
    "Exp007": -0.523,
    "Exp008": -0.544
  }
}