{
  "final_accuracy": 0.0564,
  "per_experience_accuracy": {
    "Exp000": 0.002,
    "Exp001": 0.001,
    "Exp002": 0.0,
    "Exp003": 0.0,
    "Exp004": 0.002,
    "Exp005": 0.0,
    "Exp006": 0.001,
    "Exp007": 0.0,
    "Exp008": 0.004,
    "Exp009": 0.554
  },
  "forgetting": {
    "Exp000": 0.8109999999999999,
    "Exp001": 0.507,
    "Exp002": 0.553,
    "Exp003": 0.513,
    "Exp004": 0.545,
    "Exp005": 0.564,
    "Exp006": 0.566,
    "Exp007": 0.549,
    "Exp008": 0.488
  },
  "bwt": {
    "Exp000": -0.8109999999999999,
    "Exp001": -0.507,
    "Exp002": -0.553,
    "Exp003": -0.513,
    "Exp004": -0.545,
    "Exp005": -0.564,
    "Exp006": -0.566,
    "Exp007": -0.549,
    "Exp008": -0.488
  }
}