{
  "final_accuracy": 0.1905,
  "per_experience_accuracy": {
    "Exp000": 0.142,
    "Exp001": 0.1,
    "Exp002": 0.177,
    "Exp003": 0.036,
    "Exp004": 0.119,
    "Exp005": 0.1,
    "Exp006": 0.189,
    "Exp007": 0.11,
    "Exp008": 0.094,
    "Exp009": 0.838
  },
  "forgetting": {
    "Exp000": 0.604,
    "Exp001": 0.5800000000000001,
    "Exp002": 0.49700000000000005,
    "Exp003": 0.714,
    "Exp004": 0.619,
    "Exp005": 0.686,
    "Exp006": 0.47600000000000003,
    "Exp007": 0.643,
    "Exp008": 0.609
  },
  "bwt": {
    "Exp000": -0.604,
    "Exp001": -0.5800000000000001,
    "Exp002": -0.49700000000000005,
    "Exp003": -0.714,
    "Exp004": -0.619,
    "Exp005": -0.686,
    "Exp006": -0.47600000000000003,
    "Exp007": -0.643,
    "Exp008": -0.609
  }
}