{
  "final_accuracy": 0.1354,
  "per_experience_accuracy": {
    "Exp000": 0.081,
    "Exp001": 0.041,
    "Exp002": 0.093,
    "Exp003": 0.022,
    "Exp004": 0.064,
    "Exp005": 0.015,
    "Exp006": 0.081,
    "Exp007": 0.079,
    "Exp008": 0.024,
    "Exp009": 0.854
  },
  "forgetting": {
    "Exp000": 0.659,
    "Exp001": 0.637,
    "Exp002": 0.616,
    "Exp003": 0.662,
    "Exp004": 0.7,
    "Exp005": 0.775,
    "Exp006": 0.6930000000000001,
    "Exp007": 0.658,
    "Exp008": 0.737
  },
  "bwt": {
    "Exp000": -0.659,
    "Exp001": -0.637,
    "Exp002": -0.616,
    "Exp003": -0.662,
    "Exp004": -0.7,
    "Exp005": -0.775,
    "Exp006": -0.6930000000000001,
    "Exp007": -0.658,
    "Exp008": -0.737
  }
}