{
  "final_accuracy": 0.1574,
  "per_experience_accuracy": {
    "Exp000": 0.096,
    "Exp001": 0.051,
    "Exp002": 0.105,
    "Exp003": 0.033,
    "Exp004": 0.093,
    "Exp005": 0.028,
    "Exp006": 0.114,
    "Exp007": 0.163,
    "Exp008": 0.06,
    "Exp009": 0.831
  },
  "forgetting": {
    "Exp000": 0.66,
    "Exp001": 0.63,
    "Exp002": 0.587,
    "Exp003": 0.703,
    "Exp004": 0.662,
    "Exp005": 0.721,
    "Exp006": 0.22300000000000003,
    "Exp007": 0.598,
    "Exp008": 0.7170000000000001
  },
  "bwt": {
    "Exp000": -0.66,
    "Exp001": -0.63,
    "Exp002": -0.587,
    "Exp003": -0.703,
    "Exp004": -0.662,
    "Exp005": -0.721,
    "Exp006": -0.22300000000000003,
    "Exp007": -0.598,
    "Exp008": -0.7170000000000001
  }
}