{
  "final_accuracy": 0.1684,
  "per_experience_accuracy": {
    "Exp000": 0.098,
    "Exp001": 0.06,
    "Exp002": 0.165,
    "Exp003": 0.033,
    "Exp004": 0.121,
    "Exp005": 0.044,
    "Exp006": 0.131,
    "Exp007": 0.106,
    "Exp008": 0.098,
    "Exp009": 0.828
  },
  "forgetting": {
    "Exp000": 0.611,
    "Exp001": 0.6279999999999999,
    "Exp002": 0.595,
    "Exp003": 0.637,
    "Exp004": 0.631,
    "Exp005": 0.727,
    "Exp006": 0.592,
    "Exp007": 0.639,
    "Exp008": 0.68
  },
  "bwt": {
    "Exp000": -0.611,
    "Exp001": -0.6279999999999999,
    "Exp002": -0.595,
    "Exp003": -0.637,
    "Exp004": -0.631,
    "Exp005": -0.727,
    "Exp006": -0.592,
    "Exp007": -0.639,
    "Exp008": -0.68
  }
}