{
  "final_accuracy": 0.131,
  "per_experience_accuracy": {
    "Exp000": 0.06,
    "Exp001": 0.035,
    "Exp002": 0.077,
    "Exp003": 0.019,
    "Exp004": 0.072,
    "Exp005": 0.008,
    "Exp006": 0.099,
    "Exp007": 0.089,
    "Exp008": 0.028,
    "Exp009": 0.823
  },
  "forgetting": {
    "Exp000": 0.6759999999999999,
    "Exp001": 0.592,
    "Exp002": 0.615,
    "Exp003": 0.61,
    "Exp004": 0.64,
    "Exp005": 0.741,
    "Exp006": 0.164,
    "Exp007": 0.647,
    "Exp008": 0.768
  },
  "bwt": {
    "Exp000": -0.6759999999999999,
    "Exp001": -0.592,
    "Exp002": -0.615,
    "Exp003": -0.61,
    "Exp004": -0.64,
    "Exp005": -0.741,
    "Exp006": -0.164,
    "Exp007": -0.647,
    "Exp008": -0.768
  }
}