{
  "final_accuracy": 0.1668,
  "per_experience_accuracy": {
    "Exp000": 0.137,
    "Exp001": 0.073,
    "Exp002": 0.126,
    "Exp003": 0.046,
    "Exp004": 0.137,
    "Exp005": 0.074,
    "Exp006": 0.132,
    "Exp007": 0.115,
    "Exp008": 0.045,
    "Exp009": 0.783
  },
  "forgetting": {
    "Exp000": 0.586,
    "Exp001": 0.6050000000000001,
    "Exp002": 0.5619999999999999,
    "Exp003": 0.573,
    "Exp004": 0.626,
    "Exp005": 0.671,
    "Exp006": 0.581,
    "Exp007": 0.627,
    "Exp008": 0.723
  },
  "bwt": {
    "Exp000": -0.586,
    "Exp001": -0.6050000000000001,
    "Exp002": -0.5619999999999999,
    "Exp003": -0.573,
    "Exp004": -0.626,
    "Exp005": -0.671,
    "Exp006": -0.581,
    "Exp007": -0.627,
    "Exp008": -0.723
  }
}