{
  "final_accuracy": 0.1873,
  "per_experience_accuracy": {
    "Exp000": 0.144,
    "Exp001": 0.099,
    "Exp002": 0.191,
    "Exp003": 0.062,
    "Exp004": 0.125,
    "Exp005": 0.093,
    "Exp006": 0.149,
    "Exp007": 0.118,
    "Exp008": 0.071,
    "Exp009": 0.821
  },
  "forgetting": {
    "Exp000": 0.568,
    "Exp001": 0.617,
    "Exp002": 0.40399999999999997,
    "Exp003": 0.6619999999999999,
    "Exp004": 0.613,
    "Exp005": 0.665,
    "Exp006": 0.581,
    "Exp007": 0.629,
    "Exp008": 0.7010000000000001
  },
  "bwt": {
    "Exp000": -0.568,
    "Exp001": -0.617,
    "Exp002": -0.40399999999999997,
    "Exp003": -0.6619999999999999,
    "Exp004": -0.613,
    "Exp005": -0.665,
    "Exp006": -0.581,
    "Exp007": -0.629,
    "Exp008": -0.7010000000000001
  }
}