{
  "final_accuracy": 0.1071,
  "per_experience_accuracy": {
    "Exp000": 0.019,
    "Exp001": 0.016,
    "Exp002": 0.018,
    "Exp003": 0.002,
    "Exp004": 0.027,
    "Exp005": 0.003,
    "Exp006": 0.038,
    "Exp007": 0.076,
    "Exp008": 0.03,
    "Exp009": 0.842
  },
  "forgetting": {
    "Exp000": 0.713,
    "Exp001": 0.636,
    "Exp002": 0.696,
    "Exp003": 0.759,
    "Exp004": 0.7869999999999999,
    "Exp005": 0.701,
    "Exp006": 0.728,
    "Exp007": 0.6970000000000001,
    "Exp008": 0.753
  },
  "bwt": {
    "Exp000": -0.713,
    "Exp001": -0.636,
    "Exp002": -0.696,
    "Exp003": -0.759,
    "Exp004": -0.7869999999999999,
    "Exp005": -0.701,
    "Exp006": -0.728,
    "Exp007": -0.6970000000000001,
    "Exp008": -0.753
  }
}