{
  "final_accuracy": 0.152,
  "per_experience_accuracy": {
    "Exp000": 0.005,
    "Exp001": 0.003,
    "Exp002": 0.01,
    "Exp003": 0.02,
    "Exp004": 0.045,
    "Exp005": 0.027,
    "Exp006": 0.096,
    "Exp007": 0.264,
    "Exp008": 0.308,
    "Exp009": 0.742
  },
  "forgetting": {
    "Exp000": 0.693,
    "Exp001": 0.274,
    "Exp002": 0.39899999999999997,
    "Exp003": 0.476,
    "Exp004": 0.594,
    "Exp005": 0.574,
    "Exp006": 0.539,
    "Exp007": 0.369,
    "Exp008": 0.34
  },
  "bwt": {
    "Exp000": -0.693,
    "Exp001": -0.274,
    "Exp002": -0.39899999999999997,
    "Exp003": -0.476,
    "Exp004": -0.594,
    "Exp005": -0.574,
    "Exp006": -0.539,
    "Exp007": -0.369,
    "Exp008": -0.34
  }
}