{
  "final_accuracy": 0.1501,
  "per_experience_accuracy": {
    "Exp000": 0.001,
    "Exp001": 0.0,
    "Exp002": 0.014,
    "Exp003": 0.012,
    "Exp004": 0.029,
    "Exp005": 0.035,
    "Exp006": 0.126,
    "Exp007": 0.214,
    "Exp008": 0.324,
    "Exp009": 0.746
  },
  "forgetting": {
    "Exp000": 0.73,
    "Exp001": 0.256,
    "Exp002": 0.417,
    "Exp003": 0.478,
    "Exp004": 0.617,
    "Exp005": 0.578,
    "Exp006": 0.518,
    "Exp007": 0.41100000000000003,
    "Exp008": 0.331
  },
  "bwt": {
    "Exp000": -0.73,
    "Exp001": -0.256,
    "Exp002": -0.417,
    "Exp003": -0.478,
    "Exp004": -0.617,
    "Exp005": -0.578,
    "Exp006": -0.518,
    "Exp007": -0.41100000000000003,
    "Exp008": -0.331
  }
}