{
  "final_accuracy": 0.1446,
  "per_experience_accuracy": {
    "Exp000": 0.0,
    "Exp001": 0.0,
    "Exp002": 0.019,
    "Exp003": 0.019,
    "Exp004": 0.022,
    "Exp005": 0.04,
    "Exp006": 0.087,
    "Exp007": 0.2,
    "Exp008": 0.345,
    "Exp009": 0.714
  },
  "forgetting": {
    "Exp000": 0.704,
    "Exp001": 0.227,
    "Exp002": 0.46199999999999997,
    "Exp003": 0.49,
    "Exp004": 0.613,
    "Exp005": 0.608,
    "Exp006": 0.533,
    "Exp007": 0.417,
    "Exp008": 0.31900000000000006
  },
  "bwt": {
    "Exp000": -0.704,
    "Exp001": -0.227,
    "Exp002": -0.46199999999999997,
    "Exp003": -0.49,
    "Exp004": -0.613,
    "Exp005": -0.608,
    "Exp006": -0.533,
    "Exp007": -0.417,
    "Exp008": -0.31900000000000006
  }
}