{
  "final_accuracy": 0.1555,
  "per_experience_accuracy": {
    "Exp000": 0.0,
    "Exp001": 0.004,
    "Exp002": 0.015,
    "Exp003": 0.019,
    "Exp004": 0.037,
    "Exp005": 0.045,
    "Exp006": 0.115,
    "Exp007": 0.257,
    "Exp008": 0.321,
    "Exp009": 0.742
  },
  "forgetting": {
    "Exp000": 0.731,
    "Exp001": 0.264,
    "Exp002": 0.46399999999999997,
    "Exp003": 0.525,
    "Exp004": 0.5609999999999999,
    "Exp005": 0.594,
    "Exp006": 0.529,
    "Exp007": 0.386,
    "Exp008": 0.325
  },
  "bwt": {
    "Exp000": -0.731,
    "Exp001": -0.264,
    "Exp002": -0.46399999999999997,
    "Exp003": -0.525,
    "Exp004": -0.5609999999999999,
    "Exp005": -0.594,
    "Exp006": -0.529,
    "Exp007": -0.386,
    "Exp008": -0.325
  }
}