{
  "final_accuracy": 0.1568,
  "per_experience_accuracy": {
    "Exp000": 0.002,
    "Exp001": 0.002,
    "Exp002": 0.027,
    "Exp003": 0.032,
    "Exp004": 0.069,
    "Exp005": 0.042,
    "Exp006": 0.13,
    "Exp007": 0.202,
    "Exp008": 0.33,
    "Exp009": 0.732
  },
  "forgetting": {
    "Exp000": 0.736,
    "Exp001": 0.284,
    "Exp002": 0.41,
    "Exp003": 0.507,
    "Exp004": 0.5169999999999999,
    "Exp005": 0.5579999999999999,
    "Exp006": 0.46699999999999997,
    "Exp007": 0.38199999999999995,
    "Exp008": 0.339
  },
  "bwt": {
    "Exp000": -0.736,
    "Exp001": -0.284,
    "Exp002": -0.41,
    "Exp003": -0.507,
    "Exp004": -0.5169999999999999,
    "Exp005": -0.5579999999999999,
    "Exp006": -0.46699999999999997,
    "Exp007": -0.38199999999999995,
    "Exp008": -0.339
  }
}