{
  "final_accuracy": 0.1552,
  "per_experience_accuracy": {
    "Exp000": 0.0,
    "Exp001": 0.0,
    "Exp002": 0.022,
    "Exp003": 0.02,
    "Exp004": 0.065,
    "Exp005": 0.069,
    "Exp006": 0.121,
    "Exp007": 0.206,
    "Exp008": 0.311,
    "Exp009": 0.738
  },
  "forgetting": {
    "Exp000": 0.744,
    "Exp001": 0.28,
    "Exp002": 0.46499999999999997,
    "Exp003": 0.474,
    "Exp004": 0.548,
    "Exp005": 0.556,
    "Exp006": 0.488,
    "Exp007": 0.43000000000000005,
    "Exp008": 0.343
  },
  "bwt": {
    "Exp000": -0.744,
    "Exp001": -0.28,
    "Exp002": -0.46499999999999997,
    "Exp003": -0.474,
    "Exp004": -0.548,
    "Exp005": -0.556,
    "Exp006": -0.488,
    "Exp007": -0.43000000000000005,
    "Exp008": -0.343
  }
}