{
  "final_accuracy": 0.1567,
  "per_experience_accuracy": {
    "Exp000": 0.009,
    "Exp001": 0.004,
    "Exp002": 0.018,
    "Exp003": 0.024,
    "Exp004": 0.069,
    "Exp005": 0.064,
    "Exp006": 0.101,
    "Exp007": 0.223,
    "Exp008": 0.308,
    "Exp009": 0.747
  },
  "forgetting": {
    "Exp000": 0.708,
    "Exp001": 0.252,
    "Exp002": 0.45399999999999996,
    "Exp003": 0.514,
    "Exp004": 0.5249999999999999,
    "Exp005": 0.508,
    "Exp006": 0.552,
    "Exp007": 0.41500000000000004,
    "Exp008": 0.332
  },
  "bwt": {
    "Exp000": -0.708,
    "Exp001": -0.252,
    "Exp002": -0.45399999999999996,
    "Exp003": -0.514,
    "Exp004": -0.5249999999999999,
    "Exp005": -0.508,
    "Exp006": -0.552,
    "Exp007": -0.41500000000000004,
    "Exp008": -0.332
  }
}