{
  "final_accuracy": 0.1405,
  "per_experience_accuracy": {
    "Exp000": 0.0,
    "Exp001": 0.0,
    "Exp002": 0.011,
    "Exp003": 0.02,
    "Exp004": 0.039,
    "Exp005": 0.026,
    "Exp006": 0.098,
    "Exp007": 0.2,
    "Exp008": 0.283,
    "Exp009": 0.728
  },
  "forgetting": {
    "Exp000": 0.718,
    "Exp001": 0.234,
    "Exp002": 0.492,
    "Exp003": 0.5449999999999999,
    "Exp004": 0.604,
    "Exp005": 0.613,
    "Exp006": 0.508,
    "Exp007": 0.43,
    "Exp008": 0.38200000000000006
  },
  "bwt": {
    "Exp000": -0.718,
    "Exp001": -0.234,
    "Exp002": -0.492,
    "Exp003": -0.5449999999999999,
    "Exp004": -0.604,
    "Exp005": -0.613,
    "Exp006": -0.508,
    "Exp007": -0.43,
    "Exp008": -0.38200000000000006
  }
}