{
  "final_accuracy": 0.0924,
  "per_experience_accuracy": {
    "Exp000": 0.0,
    "Exp001": 0.0,
    "Exp002": 0.001,
    "Exp003": 0.0,
    "Exp004": 0.0,
    "Exp005": 0.002,
    "Exp006": 0.009,
    "Exp007": 0.057,
    "Exp008": 0.166,
    "Exp009": 0.689
  },
  "forgetting": {
    "Exp000": 0.684,
    "Exp001": 0.281,
    "Exp002": 0.472,
    "Exp003": 0.504,
    "Exp004": 0.592,
    "Exp005": 0.572,
    "Exp006": 0.622,
    "Exp007": 0.578,
    "Exp008": 0.42799999999999994
  },
  "bwt": {
    "Exp000": -0.684,
    "Exp001": -0.281,
    "Exp002": -0.472,
    "Exp003": -0.504,
    "Exp004": -0.592,
    "Exp005": -0.572,
    "Exp006": -0.622,
    "Exp007": -0.578,
    "Exp008": -0.42799999999999994
  }
}