{
  "final_accuracy": 0.1107,
  "per_experience_accuracy": {
    "Exp000": 0.0,
    "Exp001": 0.0,
    "Exp002": 0.004,
    "Exp003": 0.001,
    "Exp004": 0.004,
    "Exp005": 0.004,
    "Exp006": 0.053,
    "Exp007": 0.116,
    "Exp008": 0.222,
    "Exp009": 0.703
  },
  "forgetting": {
    "Exp000": 0.698,
    "Exp001": 0.242,
    "Exp002": 0.459,
    "Exp003": 0.517,
    "Exp004": 0.627,
    "Exp005": 0.593,
    "Exp006": 0.611,
    "Exp007": 0.503,
    "Exp008": 0.43000000000000005
  },
  "bwt": {
    "Exp000": -0.698,
    "Exp001": -0.242,
    "Exp002": -0.459,
    "Exp003": -0.517,
    "Exp004": -0.627,
    "Exp005": -0.593,
    "Exp006": -0.611,
    "Exp007": -0.503,
    "Exp008": -0.43000000000000005
  }
}