{
  "final_accuracy": 0.1006,
  "per_experience_accuracy": {
    "Exp000": 0.0,
    "Exp001": 0.0,
    "Exp002": 0.0,
    "Exp003": 0.003,
    "Exp004": 0.006,
    "Exp005": 0.004,
    "Exp006": 0.056,
    "Exp007": 0.086,
    "Exp008": 0.25,
    "Exp009": 0.601
  },
  "forgetting": {
    "Exp000": 0.75,
    "Exp001": 0.24,
    "Exp002": 0.395,
    "Exp003": 0.52,
    "Exp004": 0.632,
    "Exp005": 0.644,
    "Exp006": 0.5379999999999999,
    "Exp007": 0.55,
    "Exp008": 0.41400000000000003
  },
  "bwt": {
    "Exp000": -0.75,
    "Exp001": -0.24,
    "Exp002": -0.395,
    "Exp003": -0.52,
    "Exp004": -0.632,
    "Exp005": -0.644,
    "Exp006": -0.5379999999999999,
    "Exp007": -0.55,
    "Exp008": -0.41400000000000003
  }
}