{
  "final_accuracy": 0.1117,
  "per_experience_accuracy": {
    "Exp000": 0.0,
    "Exp001": 0.0,
    "Exp002": 0.001,
    "Exp003": 0.0,
    "Exp004": 0.001,
    "Exp005": 0.001,
    "Exp006": 0.023,
    "Exp007": 0.127,
    "Exp008": 0.289,
    "Exp009": 0.675
  },
  "forgetting": {
    "Exp000": 0.723,
    "Exp001": 0.223,
    "Exp002": 0.483,
    "Exp003": 0.533,
    "Exp004": 0.503,
    "Exp005": 0.62,
    "Exp006": 0.623,
    "Exp007": 0.546,
    "Exp008": 0.37200000000000005
  },
  "bwt": {
    "Exp000": -0.723,
    "Exp001": -0.223,
    "Exp002": -0.483,
    "Exp003": -0.533,
    "Exp004": -0.503,
    "Exp005": -0.62,
    "Exp006": -0.623,
    "Exp007": -0.546,
    "Exp008": -0.37200000000000005
  }
}