{
  "final_accuracy": 0.1122,
  "per_experience_accuracy": {
    "Exp000": 0.0,
    "Exp001": 0.0,
    "Exp002": 0.0,
    "Exp003": 0.002,
    "Exp004": 0.003,
    "Exp005": 0.015,
    "Exp006": 0.044,
    "Exp007": 0.102,
    "Exp008": 0.23,
    "Exp009": 0.726
  },
  "forgetting": {
    "Exp000": 0.744,
    "Exp001": 0.23,
    "Exp002": 0.469,
    "Exp003": 0.494,
    "Exp004": 0.627,
    "Exp005": 0.607,
    "Exp006": 0.579,
    "Exp007": 0.56,
    "Exp008": 0.43300000000000005
  },
  "bwt": {
    "Exp000": -0.744,
    "Exp001": -0.23,
    "Exp002": -0.469,
    "Exp003": -0.494,
    "Exp004": -0.627,
    "Exp005": -0.607,
    "Exp006": -0.579,
    "Exp007": -0.56,
    "Exp008": -0.43300000000000005
  }
}