{
  "final_accuracy": 0.11,
  "per_experience_accuracy": {
    "Exp000": 0.001,
    "Exp001": 0.0,
    "Exp002": 0.0,
    "Exp003": 0.001,
    "Exp004": 0.011,
    "Exp005": 0.01,
    "Exp006": 0.061,
    "Exp007": 0.108,
    "Exp008": 0.219,
    "Exp009": 0.689
  },
  "forgetting": {
    "Exp000": 0.746,
    "Exp001": 0.266,
    "Exp002": 0.438,
    "Exp003": 0.442,
    "Exp004": 0.601,
    "Exp005": 0.581,
    "Exp006": 0.5880000000000001,
    "Exp007": 0.493,
    "Exp008": 0.43100000000000005
  },
  "bwt": {
    "Exp000": -0.746,
    "Exp001": -0.266,
    "Exp002": -0.438,
    "Exp003": -0.442,
    "Exp004": -0.601,
    "Exp005": -0.581,
    "Exp006": -0.5880000000000001,
    "Exp007": -0.493,
    "Exp008": -0.43100000000000005
  }
}