{
  "final_accuracy": 0.174,
  "per_experience_accuracy": {
    "Exp000": 0.099,
    "Exp001": 0.069,
    "Exp002": 0.144,
    "Exp003": 0.054,
    "Exp004": 0.123,
    "Exp005": 0.091,
    "Exp006": 0.124,
    "Exp007": 0.141,
    "Exp008": 0.079,
    "Exp009": 0.816
  },
  "forgetting": {
    "Exp000": 0.64,
    "Exp001": 0.635,
    "Exp002": 0.584,
    "Exp003": 0.6719999999999999,
    "Exp004": 0.596,
    "Exp005": 0.7020000000000001,
    "Exp006": 0.602,
    "Exp007": 0.595,
    "Exp008": 0.7160000000000001
  },
  "bwt": {
    "Exp000": -0.64,
    "Exp001": -0.635,
    "Exp002": -0.584,
    "Exp003": -0.6719999999999999,
    "Exp004": -0.596,
    "Exp005": -0.7020000000000001,
    "Exp006": -0.602,
    "Exp007": -0.595,
    "Exp008": -0.7160000000000001
  }
}