{
  "final_accuracy": 0.1071,
  "per_experience_accuracy": {
    "Exp000": 0.012,
    "Exp001": 0.011,
    "Exp002": 0.021,
    "Exp003": 0.007,
    "Exp004": 0.032,
    "Exp005": 0.01,
    "Exp006": 0.072,
    "Exp007": 0.055,
    "Exp008": 0.023,
    "Exp009": 0.828
  },
  "forgetting": {
    "Exp000": 0.724,
    "Exp001": 0.711,
    "Exp002": 0.753,
    "Exp003": 0.746,
    "Exp004": 0.756,
    "Exp005": 0.762,
    "Exp006": 0.7140000000000001,
    "Exp007": 0.6849999999999999,
    "Exp008": 0.772
  },
  "bwt": {
    "Exp000": -0.724,
    "Exp001": -0.711,
    "Exp002": -0.753,
    "Exp003": -0.746,
    "Exp004": -0.756,
    "Exp005": -0.762,
    "Exp006": -0.7140000000000001,
    "Exp007": -0.6849999999999999,
    "Exp008": -0.772
  }
}