{
  "final_accuracy": 0.1669,
  "per_experience_accuracy": {
    "Exp000": 0.102,
    "Exp001": 0.064,
    "Exp002": 0.134,
    "Exp003": 0.043,
    "Exp004": 0.094,
    "Exp005": 0.067,
    "Exp006": 0.127,
    "Exp007": 0.115,
    "Exp008": 0.072,
    "Exp009": 0.851
  },
  "forgetting": {
    "Exp000": 0.642,
    "Exp001": 0.6180000000000001,
    "Exp002": 0.566,
    "Exp003": 0.708,
    "Exp004": 0.6970000000000001,
    "Exp005": 0.7150000000000001,
    "Exp006": 0.645,
    "Exp007": 0.646,
    "Exp008": 0.7230000000000001
  },
  "bwt": {
    "Exp000": -0.642,
    "Exp001": -0.6180000000000001,
    "Exp002": -0.566,
    "Exp003": -0.708,
    "Exp004": -0.6970000000000001,
    "Exp005": -0.7150000000000001,
    "Exp006": -0.645,
    "Exp007": -0.646,
    "Exp008": -0.7230000000000001
  }
}