{
  "final_accuracy": 0.1019,
  "per_experience_accuracy": {
    "Exp000": 0.023,
    "Exp001": 0.012,
    "Exp002": 0.051,
    "Exp003": 0.006,
    "Exp004": 0.018,
    "Exp005": 0.006,
    "Exp006": 0.041,
    "Exp007": 0.015,
    "Exp008": 0.016,
    "Exp009": 0.831
  },
  "forgetting": {
    "Exp000": 0.708,
    "Exp001": 0.721,
    "Exp002": 0.6719999999999999,
    "Exp003": 0.718,
    "Exp004": 0.738,
    "Exp005": 0.786,
    "Exp006": 0.698,
    "Exp007": 0.747,
    "Exp008": 0.792
  },
  "bwt": {
    "Exp000": -0.708,
    "Exp001": -0.721,
    "Exp002": -0.6719999999999999,
    "Exp003": -0.718,
    "Exp004": -0.738,
    "Exp005": -0.786,
    "Exp006": -0.698,
    "Exp007": -0.747,
    "Exp008": -0.792
  }
}