{
  "final_accuracy": 0.1085,
  "per_experience_accuracy": {
    "Exp000": 0.03,
    "Exp001": 0.016,
    "Exp002": 0.025,
    "Exp003": 0.008,
    "Exp004": 0.046,
    "Exp005": 0.008,
    "Exp006": 0.072,
    "Exp007": 0.033,
    "Exp008": 0.033,
    "Exp009": 0.814
  },
  "forgetting": {
    "Exp000": 0.729,
    "Exp001": 0.694,
    "Exp002": 0.6759999999999999,
    "Exp003": 0.726,
    "Exp004": 0.728,
    "Exp005": 0.773,
    "Exp006": 0.6990000000000001,
    "Exp007": 0.707,
    "Exp008": 0.738
  },
  "bwt": {
    "Exp000": -0.729,
    "Exp001": -0.694,
    "Exp002": -0.6759999999999999,
    "Exp003": -0.726,
    "Exp004": -0.728,
    "Exp005": -0.773,
    "Exp006": -0.6990000000000001,
    "Exp007": -0.707,
    "Exp008": -0.738
  }
}