{
  "final_accuracy": 0.1424,
  "per_experience_accuracy": {
    "Exp000": 0.003,
    "Exp001": 0.001,
    "Exp002": 0.005,
    "Exp003": 0.006,
    "Exp004": 0.018,
    "Exp005": 0.028,
    "Exp006": 0.086,
    "Exp007": 0.185,
    "Exp008": 0.332,
    "Exp009": 0.76
  },
  "forgetting": {
    "Exp000": 0.733,
    "Exp001": 0.352,
    "Exp002": 0.574,
    "Exp003": 0.563,
    "Exp004": 0.652,
    "Exp005": 0.609,
    "Exp006": 0.5660000000000001,
    "Exp007": 0.48000000000000004,
    "Exp008": 0.39099999999999996
  },
  "bwt": {
    "Exp000": -0.733,
    "Exp001": -0.352,
    "Exp002": -0.574,
    "Exp003": -0.563,
    "Exp004": -0.652,
    "Exp005": -0.609,
    "Exp006": -0.5660000000000001,
    "Exp007": -0.48000000000000004,
    "Exp008": -0.39099999999999996
  }
}