{
  "model": "DEN",
  "plugin": "LwF",
  "seed": 5,
  "num_workers": 8,
  "experiences": {
    "0": {
      "mean_batch_loading_time_ms": 21.84697500708356,
      "num_batches": 599
    },
    "1": {
      "mean_batch_loading_time_ms": 20.82717937816911,
      "num_batches": 599
    },
    "2": {
      "mean_batch_loading_time_ms": 21.905961463566815,
      "num_batches": 599
    },
    "3": {
      "mean_batch_loading_time_ms": 22.746561508694157,
      "num_batches": 599
    },
    "4": {
      "mean_batch_loading_time_ms": 22.508583339444286,
      "num_batches": 599
    },
    "5": {
      "mean_batch_loading_time_ms": 21.24910134641774,
      "num_batches": 599
    },
    "6": {
      "mean_batch_loading_time_ms": 22.970534043265303,
      "num_batches": 599
    },
    "7": {
      "mean_batch_loading_time_ms": 21.846129044343115,
      "num_batches": 599
    },
    "8": {
      "mean_batch_loading_time_ms": 22.36528791648916,
      "num_batches": 599
    },
    "9": {
      "mean_batch_loading_time_ms": 22.320325971458214,
      "num_batches": 599
    }
  }
}