{
  "model": "DEN",
  "plugin": "LwF",
  "seed": 4,
  "num_workers": 8,
  "experiences": {
    "0": {
      "mean_batch_loading_time_ms": 23.117344891761302,
      "num_batches": 599
    },
    "1": {
      "mean_batch_loading_time_ms": 21.885426798975328,
      "num_batches": 599
    },
    "2": {
      "mean_batch_loading_time_ms": 21.548835322795707,
      "num_batches": 599
    },
    "3": {
      "mean_batch_loading_time_ms": 21.54433501041642,
      "num_batches": 599
    },
    "4": {
      "mean_batch_loading_time_ms": 21.87336719313478,
      "num_batches": 599
    },
    "5": {
      "mean_batch_loading_time_ms": 22.05875125062187,
      "num_batches": 599
    },
    "6": {
      "mean_batch_loading_time_ms": 22.53558256434827,
      "num_batches": 599
    },
    "7": {
      "mean_batch_loading_time_ms": 22.742745416776863,
      "num_batches": 599
    },
    "8": {
      "mean_batch_loading_time_ms": 22.580108928722712,
      "num_batches": 599
    },
    "9": {
      "mean_batch_loading_time_ms": 23.00800821854296,
      "num_batches": 599
    }
  }
}