{
  "final_accuracy": 0.1454,
  "per_experience_accuracy": {
    "Exp000": 0.005,
    "Exp001": 0.002,
    "Exp002": 0.006,
    "Exp003": 0.013,
    "Exp004": 0.012,
    "Exp005": 0.026,
    "Exp006": 0.106,
    "Exp007": 0.17,
    "Exp008": 0.343,
    "Exp009": 0.771
  },
  "forgetting": {
    "Exp000": 0.731,
    "Exp001": 0.348,
    "Exp002": 0.517,
    "Exp003": 0.508,
    "Exp004": 0.649,
    "Exp005": 0.653,
    "Exp006": 0.5650000000000001,
    "Exp007": 0.49,
    "Exp008": 0.3489999999999999
  },
  "bwt": {
    "Exp000": -0.731,
    "Exp001": -0.348,
    "Exp002": -0.517,
    "Exp003": -0.508,
    "Exp004": -0.649,
    "Exp005": -0.653,
    "Exp006": -0.5650000000000001,
    "Exp007": -0.49,
    "Exp008": -0.3489999999999999
  }
}