{
  "model": "DEN",
  "plugin": "LwF",
  "seed": 7,
  "num_workers": 8,
  "experiences": {
    "0": {
      "mean_batch_loading_time_ms": 22.184090014043356,
      "num_batches": 599
    },
    "1": {
      "mean_batch_loading_time_ms": 23.565698424369742,
      "num_batches": 599
    },
    "2": {
      "mean_batch_loading_time_ms": 22.604204076832044,
      "num_batches": 599
    },
    "3": {
      "mean_batch_loading_time_ms": 21.62314471920862,
      "num_batches": 599
    },
    "4": {
      "mean_batch_loading_time_ms": 22.405859372129225,
      "num_batches": 599
    },
    "5": {
      "mean_batch_loading_time_ms": 22.384119630544035,
      "num_batches": 599
    },
    "6": {
      "mean_batch_loading_time_ms": 22.821995226016426,
      "num_batches": 599
    },
    "7": {
      "mean_batch_loading_time_ms": 22.72606037482495,
      "num_batches": 599
    },
    "8": {
      "mean_batch_loading_time_ms": 22.736101227817134,
      "num_batches": 599
    },
    "9": {
      "mean_batch_loading_time_ms": 22.93669449504409,
      "num_batches": 599
    }
  }
}