{
  "final_accuracy": 0.142,
  "per_experience_accuracy": {
    "Exp000": 0.003,
    "Exp001": 0.003,
    "Exp002": 0.006,
    "Exp003": 0.006,
    "Exp004": 0.017,
    "Exp005": 0.031,
    "Exp006": 0.109,
    "Exp007": 0.175,
    "Exp008": 0.316,
    "Exp009": 0.754
  },
  "forgetting": {
    "Exp000": 0.741,
    "Exp001": 0.257,
    "Exp002": 0.442,
    "Exp003": 0.547,
    "Exp004": 0.633,
    "Exp005": 0.597,
    "Exp006": 0.5690000000000001,
    "Exp007": 0.47700000000000004,
    "Exp008": 0.38899999999999996
  },
  "bwt": {
    "Exp000": -0.741,
    "Exp001": -0.257,
    "Exp002": -0.442,
    "Exp003": -0.547,
    "Exp004": -0.633,
    "Exp005": -0.597,
    "Exp006": -0.5690000000000001,
    "Exp007": -0.47700000000000004,
    "Exp008": -0.38899999999999996
  }
}