{
  "final_accuracy": 0.1412,
  "per_experience_accuracy": {
    "Exp000": 0.001,
    "Exp001": 0.0,
    "Exp002": 0.001,
    "Exp003": 0.005,
    "Exp004": 0.03,
    "Exp005": 0.024,
    "Exp006": 0.09,
    "Exp007": 0.154,
    "Exp008": 0.341,
    "Exp009": 0.766
  },
  "forgetting": {
    "Exp000": 0.738,
    "Exp001": 0.374,
    "Exp002": 0.587,
    "Exp003": 0.534,
    "Exp004": 0.631,
    "Exp005": 0.624,
    "Exp006": 0.5910000000000001,
    "Exp007": 0.513,
    "Exp008": 0.39399999999999996
  },
  "bwt": {
    "Exp000": -0.738,
    "Exp001": -0.374,
    "Exp002": -0.587,
    "Exp003": -0.534,
    "Exp004": -0.631,
    "Exp005": -0.624,
    "Exp006": -0.5910000000000001,
    "Exp007": -0.513,
    "Exp008": -0.39399999999999996
  }
}