{
  "final_accuracy": 0.1486,
  "per_experience_accuracy": {
    "Exp000": 0.002,
    "Exp001": 0.001,
    "Exp002": 0.001,
    "Exp003": 0.013,
    "Exp004": 0.013,
    "Exp005": 0.037,
    "Exp006": 0.11,
    "Exp007": 0.218,
    "Exp008": 0.325,
    "Exp009": 0.766
  },
  "forgetting": {
    "Exp000": 0.759,
    "Exp001": 0.28099999999999997,
    "Exp002": 0.478,
    "Exp003": 0.51,
    "Exp004": 0.667,
    "Exp005": 0.639,
    "Exp006": 0.5640000000000001,
    "Exp007": 0.44900000000000007,
    "Exp008": 0.37699999999999995
  },
  "bwt": {
    "Exp000": -0.759,
    "Exp001": -0.28099999999999997,
    "Exp002": -0.478,
    "Exp003": -0.51,
    "Exp004": -0.667,
    "Exp005": -0.639,
    "Exp006": -0.5640000000000001,
    "Exp007": -0.44900000000000007,
    "Exp008": -0.37699999999999995
  }
}