{
  "final_accuracy": 0.1385,
  "per_experience_accuracy": {
    "Exp000": 0.002,
    "Exp001": 0.0,
    "Exp002": 0.005,
    "Exp003": 0.002,
    "Exp004": 0.019,
    "Exp005": 0.034,
    "Exp006": 0.074,
    "Exp007": 0.164,
    "Exp008": 0.337,
    "Exp009": 0.748
  },
  "forgetting": {
    "Exp000": 0.75,
    "Exp001": 0.284,
    "Exp002": 0.498,
    "Exp003": 0.565,
    "Exp004": 0.629,
    "Exp005": 0.636,
    "Exp006": 0.5930000000000001,
    "Exp007": 0.46699999999999997,
    "Exp008": 0.36899999999999994
  },
  "bwt": {
    "Exp000": -0.75,
    "Exp001": -0.284,
    "Exp002": -0.498,
    "Exp003": -0.565,
    "Exp004": -0.629,
    "Exp005": -0.636,
    "Exp006": -0.5930000000000001,
    "Exp007": -0.46699999999999997,
    "Exp008": -0.36899999999999994
  }
}