{
  "final_accuracy": 0.1387,
  "per_experience_accuracy": {
    "Exp000": 0.002,
    "Exp001": 0.001,
    "Exp002": 0.001,
    "Exp003": 0.003,
    "Exp004": 0.014,
    "Exp005": 0.028,
    "Exp006": 0.093,
    "Exp007": 0.174,
    "Exp008": 0.294,
    "Exp009": 0.777
  },
  "forgetting": {
    "Exp000": 0.736,
    "Exp001": 0.314,
    "Exp002": 0.563,
    "Exp003": 0.559,
    "Exp004": 0.646,
    "Exp005": 0.635,
    "Exp006": 0.5780000000000001,
    "Exp007": 0.48200000000000004,
    "Exp008": 0.412
  },
  "bwt": {
    "Exp000": -0.736,
    "Exp001": -0.314,
    "Exp002": -0.563,
    "Exp003": -0.559,
    "Exp004": -0.646,
    "Exp005": -0.635,
    "Exp006": -0.5780000000000001,
    "Exp007": -0.48200000000000004,
    "Exp008": -0.412
  }
}