{
  "final_accuracy": 0.1397,
  "per_experience_accuracy": {
    "Exp000": 0.0,
    "Exp001": 0.001,
    "Exp002": 0.003,
    "Exp003": 0.004,
    "Exp004": 0.026,
    "Exp005": 0.021,
    "Exp006": 0.092,
    "Exp007": 0.183,
    "Exp008": 0.294,
    "Exp009": 0.773
  },
  "forgetting": {
    "Exp000": 0.728,
    "Exp001": 0.28099999999999997,
    "Exp002": 0.5,
    "Exp003": 0.551,
    "Exp004": 0.621,
    "Exp005": 0.648,
    "Exp006": 0.5910000000000001,
    "Exp007": 0.48900000000000005,
    "Exp008": 0.414
  },
  "bwt": {
    "Exp000": -0.728,
    "Exp001": -0.28099999999999997,
    "Exp002": -0.5,
    "Exp003": -0.551,
    "Exp004": -0.621,
    "Exp005": -0.648,
    "Exp006": -0.5910000000000001,
    "Exp007": -0.48900000000000005,
    "Exp008": -0.414
  }
}