{
  "final_accuracy": 0.1387,
  "per_experience_accuracy": {
    "Exp000": 0.001,
    "Exp001": 0.0,
    "Exp002": 0.004,
    "Exp003": 0.005,
    "Exp004": 0.009,
    "Exp005": 0.028,
    "Exp006": 0.091,
    "Exp007": 0.148,
    "Exp008": 0.341,
    "Exp009": 0.76
  },
  "forgetting": {
    "Exp000": 0.747,
    "Exp001": 0.297,
    "Exp002": 0.501,
    "Exp003": 0.575,
    "Exp004": 0.644,
    "Exp005": 0.633,
    "Exp006": 0.5890000000000001,
    "Exp007": 0.483,
    "Exp008": 0.35799999999999993
  },
  "bwt": {
    "Exp000": -0.747,
    "Exp001": -0.297,
    "Exp002": -0.501,
    "Exp003": -0.575,
    "Exp004": -0.644,
    "Exp005": -0.633,
    "Exp006": -0.5890000000000001,
    "Exp007": -0.483,
    "Exp008": -0.35799999999999993
  }
}