{
  "final_accuracy": 0.3264,
  "per_experience_accuracy": {
    "Exp000": 0.255,
    "Exp001": 0.179,
    "Exp002": 0.328,
    "Exp003": 0.205,
    "Exp004": 0.28,
    "Exp005": 0.321,
    "Exp006": 0.31,
    "Exp007": 0.311,
    "Exp008": 0.42,
    "Exp009": 0.655
  },
  "forgetting": {
    "Exp000": 0.495,
    "Exp001": 0.46900000000000003,
    "Exp002": 0.35900000000000004,
    "Exp003": 0.43300000000000005,
    "Exp004": 0.40700000000000003,
    "Exp005": 0.36300000000000004,
    "Exp006": 0.342,
    "Exp007": 0.337,
    "Exp008": 0.23100000000000004
  },
  "bwt": {
    "Exp000": -0.495,
    "Exp001": -0.46900000000000003,
    "Exp002": -0.35900000000000004,
    "Exp003": -0.43300000000000005,
    "Exp004": -0.40700000000000003,
    "Exp005": -0.36300000000000004,
    "Exp006": -0.342,
    "Exp007": -0.337,
    "Exp008": -0.23100000000000004
  }
}