{
  "final_accuracy": 0.3186,
  "per_experience_accuracy": {
    "Exp000": 0.284,
    "Exp001": 0.207,
    "Exp002": 0.311,
    "Exp003": 0.201,
    "Exp004": 0.284,
    "Exp005": 0.271,
    "Exp006": 0.318,
    "Exp007": 0.268,
    "Exp008": 0.355,
    "Exp009": 0.687
  },
  "forgetting": {
    "Exp000": 0.447,
    "Exp001": 0.45600000000000007,
    "Exp002": 0.38299999999999995,
    "Exp003": 0.458,
    "Exp004": 0.419,
    "Exp005": 0.42499999999999993,
    "Exp006": 0.36000000000000004,
    "Exp007": 0.366,
    "Exp008": 0.30300000000000005
  },
  "bwt": {
    "Exp000": -0.447,
    "Exp001": -0.45600000000000007,
    "Exp002": -0.38299999999999995,
    "Exp003": -0.458,
    "Exp004": -0.419,
    "Exp005": -0.42499999999999993,
    "Exp006": -0.36000000000000004,
    "Exp007": -0.366,
    "Exp008": -0.30300000000000005
  }
}