{
  "final_accuracy": 0.3249,
  "per_experience_accuracy": {
    "Exp000": 0.238,
    "Exp001": 0.221,
    "Exp002": 0.291,
    "Exp003": 0.198,
    "Exp004": 0.299,
    "Exp005": 0.291,
    "Exp006": 0.364,
    "Exp007": 0.289,
    "Exp008": 0.371,
    "Exp009": 0.687
  },
  "forgetting": {
    "Exp000": 0.45099999999999996,
    "Exp001": 0.41600000000000004,
    "Exp002": 0.40499999999999997,
    "Exp003": 0.443,
    "Exp004": 0.38800000000000007,
    "Exp005": 0.39899999999999997,
    "Exp006": 0.28400000000000003,
    "Exp007": 0.334,
    "Exp008": 0.273
  },
  "bwt": {
    "Exp000": -0.45099999999999996,
    "Exp001": -0.41600000000000004,
    "Exp002": -0.40499999999999997,
    "Exp003": -0.443,
    "Exp004": -0.38800000000000007,
    "Exp005": -0.39899999999999997,
    "Exp006": -0.28400000000000003,
    "Exp007": -0.334,
    "Exp008": -0.273
  }
}