{
  "final_accuracy": 0.3301,
  "per_experience_accuracy": {
    "Exp000": 0.261,
    "Exp001": 0.237,
    "Exp002": 0.339,
    "Exp003": 0.211,
    "Exp004": 0.296,
    "Exp005": 0.266,
    "Exp006": 0.318,
    "Exp007": 0.301,
    "Exp008": 0.397,
    "Exp009": 0.675
  },
  "forgetting": {
    "Exp000": 0.45399999999999996,
    "Exp001": 0.41100000000000003,
    "Exp002": 0.3549999999999999,
    "Exp003": 0.45000000000000007,
    "Exp004": 0.39399999999999996,
    "Exp005": 0.44699999999999995,
    "Exp006": 0.331,
    "Exp007": 0.314,
    "Exp008": 0.269
  },
  "bwt": {
    "Exp000": -0.45399999999999996,
    "Exp001": -0.41100000000000003,
    "Exp002": -0.3549999999999999,
    "Exp003": -0.45000000000000007,
    "Exp004": -0.39399999999999996,
    "Exp005": -0.44699999999999995,
    "Exp006": -0.331,
    "Exp007": -0.314,
    "Exp008": -0.269
  }
}