{
  "final_accuracy": 0.3186,
  "per_experience_accuracy": {
    "Exp000": 0.26,
    "Exp001": 0.209,
    "Exp002": 0.343,
    "Exp003": 0.207,
    "Exp004": 0.263,
    "Exp005": 0.272,
    "Exp006": 0.292,
    "Exp007": 0.268,
    "Exp008": 0.403,
    "Exp009": 0.669
  },
  "forgetting": {
    "Exp000": 0.46299999999999997,
    "Exp001": 0.44200000000000006,
    "Exp002": 0.338,
    "Exp003": 0.43900000000000006,
    "Exp004": 0.403,
    "Exp005": 0.406,
    "Exp006": 0.36900000000000005,
    "Exp007": 0.33199999999999996,
    "Exp008": 0.272
  },
  "bwt": {
    "Exp000": -0.46299999999999997,
    "Exp001": -0.44200000000000006,
    "Exp002": -0.338,
    "Exp003": -0.43900000000000006,
    "Exp004": -0.403,
    "Exp005": -0.406,
    "Exp006": -0.36900000000000005,
    "Exp007": -0.33199999999999996,
    "Exp008": -0.272
  }
}