{
  "final_accuracy": 0.333,
  "per_experience_accuracy": {
    "Exp000": 0.255,
    "Exp001": 0.217,
    "Exp002": 0.337,
    "Exp003": 0.211,
    "Exp004": 0.274,
    "Exp005": 0.292,
    "Exp006": 0.344,
    "Exp007": 0.289,
    "Exp008": 0.408,
    "Exp009": 0.703
  },
  "forgetting": {
    "Exp000": 0.474,
    "Exp001": 0.42600000000000005,
    "Exp002": 0.37499999999999994,
    "Exp003": 0.44800000000000006,
    "Exp004": 0.404,
    "Exp005": 0.39599999999999996,
    "Exp006": 0.345,
    "Exp007": 0.36400000000000005,
    "Exp008": 0.22900000000000004
  },
  "bwt": {
    "Exp000": -0.474,
    "Exp001": -0.42600000000000005,
    "Exp002": -0.37499999999999994,
    "Exp003": -0.44800000000000006,
    "Exp004": -0.404,
    "Exp005": -0.39599999999999996,
    "Exp006": -0.345,
    "Exp007": -0.36400000000000005,
    "Exp008": -0.22900000000000004
  }
}