{
  "final_accuracy": 0.3118,
  "per_experience_accuracy": {
    "Exp000": 0.253,
    "Exp001": 0.229,
    "Exp002": 0.296,
    "Exp003": 0.169,
    "Exp004": 0.222,
    "Exp005": 0.255,
    "Exp006": 0.307,
    "Exp007": 0.306,
    "Exp008": 0.381,
    "Exp009": 0.7
  },
  "forgetting": {
    "Exp000": 0.474,
    "Exp001": 0.389,
    "Exp002": 0.37200000000000005,
    "Exp003": 0.482,
    "Exp004": 0.44800000000000006,
    "Exp005": 0.41900000000000004,
    "Exp006": 0.35600000000000004,
    "Exp007": 0.317,
    "Exp008": 0.27
  },
  "bwt": {
    "Exp000": -0.474,
    "Exp001": -0.389,
    "Exp002": -0.37200000000000005,
    "Exp003": -0.482,
    "Exp004": -0.44800000000000006,
    "Exp005": -0.41900000000000004,
    "Exp006": -0.35600000000000004,
    "Exp007": -0.317,
    "Exp008": -0.27
  }
}