{
  "final_accuracy": 0.3249,
  "per_experience_accuracy": {
    "Exp000": 0.272,
    "Exp001": 0.245,
    "Exp002": 0.288,
    "Exp003": 0.214,
    "Exp004": 0.262,
    "Exp005": 0.288,
    "Exp006": 0.291,
    "Exp007": 0.303,
    "Exp008": 0.414,
    "Exp009": 0.672
  },
  "forgetting": {
    "Exp000": 0.44499999999999995,
    "Exp001": 0.398,
    "Exp002": 0.41,
    "Exp003": 0.42200000000000004,
    "Exp004": 0.41000000000000003,
    "Exp005": 0.411,
    "Exp006": 0.40499999999999997,
    "Exp007": 0.331,
    "Exp008": 0.25300000000000006
  },
  "bwt": {
    "Exp000": -0.44499999999999995,
    "Exp001": -0.398,
    "Exp002": -0.41,
    "Exp003": -0.42200000000000004,
    "Exp004": -0.41000000000000003,
    "Exp005": -0.411,
    "Exp006": -0.40499999999999997,
    "Exp007": -0.331,
    "Exp008": -0.25300000000000006
  }
}