{
  "final_accuracy": 0.329,
  "per_experience_accuracy": {
    "Exp000": 0.265,
    "Exp001": 0.23,
    "Exp002": 0.309,
    "Exp003": 0.186,
    "Exp004": 0.288,
    "Exp005": 0.305,
    "Exp006": 0.335,
    "Exp007": 0.276,
    "Exp008": 0.4,
    "Exp009": 0.696
  },
  "forgetting": {
    "Exp000": 0.481,
    "Exp001": 0.42600000000000005,
    "Exp002": 0.40099999999999997,
    "Exp003": 0.457,
    "Exp004": 0.39300000000000007,
    "Exp005": 0.39899999999999997,
    "Exp006": 0.3559999999999999,
    "Exp007": 0.357,
    "Exp008": 0.2909999999999999
  },
  "bwt": {
    "Exp000": -0.481,
    "Exp001": -0.42600000000000005,
    "Exp002": -0.40099999999999997,
    "Exp003": -0.457,
    "Exp004": -0.39300000000000007,
    "Exp005": -0.39899999999999997,
    "Exp006": -0.3559999999999999,
    "Exp007": -0.357,
    "Exp008": -0.2909999999999999
  }
}