{
  "final_accuracy": 0.3234,
  "per_experience_accuracy": {
    "Exp000": 0.276,
    "Exp001": 0.215,
    "Exp002": 0.316,
    "Exp003": 0.173,
    "Exp004": 0.283,
    "Exp005": 0.265,
    "Exp006": 0.347,
    "Exp007": 0.321,
    "Exp008": 0.368,
    "Exp009": 0.67
  },
  "forgetting": {
    "Exp000": 0.471,
    "Exp001": 0.43900000000000006,
    "Exp002": 0.39399999999999996,
    "Exp003": 0.49000000000000005,
    "Exp004": 0.3990000000000001,
    "Exp005": 0.42699999999999994,
    "Exp006": 0.3330000000000001,
    "Exp007": 0.337,
    "Exp008": 0.28500000000000003
  },
  "bwt": {
    "Exp000": -0.471,
    "Exp001": -0.43900000000000006,
    "Exp002": -0.39399999999999996,
    "Exp003": -0.49000000000000005,
    "Exp004": -0.3990000000000001,
    "Exp005": -0.42699999999999994,
    "Exp006": -0.3330000000000001,
    "Exp007": -0.337,
    "Exp008": -0.28500000000000003
  }
}