{
  "final_accuracy": 0.3657,
  "per_experience_accuracy": {
    "Exp000": 0.26997635933806147,
    "Exp001": 0.24240940254652302,
    "Exp002": 0.06563500533617929,
    "Exp003": 0.25226586102719034,
    "Exp004": 0.9919314170448815
  },
  "forgetting": {
    "Exp000": 0.7295508274231679,
    "Exp001": 0.7541625857002938,
    "Exp002": 0.9311632870864461,
    "Exp003": 0.7467270896273916
  },
  "bwt": {
    "Exp000": -0.7295508274231679,
    "Exp001": -0.7541625857002938,
    "Exp002": -0.9311632870864461,
    "Exp003": -0.7467270896273916
  }
}