{
  "final_accuracy": 0.4326,
  "per_experience_accuracy": {
    "Exp000": 0.5442080378250591,
    "Exp001": 0.03232125367286973,
    "Exp002": 0.17716115261472787,
    "Exp003": 0.432527693856999,
    "Exp004": 0.9672213817448311
  },
  "forgetting": {
    "Exp000": 0.4548463356973995,
    "Exp001": -0.014201762977473064,
    "Exp002": 0.08964781216648876,
    "Exp003": 0.4209466263846929
  },
  "bwt": {
    "Exp000": -0.4548463356973995,
    "Exp001": 0.014201762977473064,
    "Exp002": -0.08964781216648876,
    "Exp003": -0.4209466263846929
  }
}