{
  "final_accuracy": 0.1965,
  "per_experience_accuracy": {
    "Exp000": 0.0,
    "Exp001": 0.0,
    "Exp002": 0.0,
    "Exp003": 0.0,
    "Exp004": 0.9909228441754917
  },
  "forgetting": {
    "Exp000": 0.9995271867612293,
    "Exp001": 0.9926542605288933,
    "Exp002": 0.9925293489861259,
    "Exp003": 0.9984894259818731
  },
  "bwt": {
    "Exp000": -0.9995271867612293,
    "Exp001": -0.9926542605288933,
    "Exp002": -0.9925293489861259,
    "Exp003": -0.9984894259818731
  }
}