{
  "final_accuracy": 0.8729,
  "per_experience_accuracy": {
    "Exp000": 0.908274231678487,
    "Exp001": 0.8021547502448579,
    "Exp002": 0.7961579509071505,
    "Exp003": 0.8625377643504532,
    "Exp004": 0.9909228441754917
  },
  "forgetting": {
    "Exp000": 0.09078014184397165,
    "Exp001": 0.16209598432908923,
    "Exp002": 0.20224119530416218,
    "Exp003": 0.13091641490433037
  },
  "bwt": {
    "Exp000": -0.09078014184397165,
    "Exp001": -0.16209598432908923,
    "Exp002": -0.20224119530416218,
    "Exp003": -0.13091641490433037
  }
}