{
  "final_accuracy": 0.4539,
  "per_experience_accuracy": {
    "Exp000": 0.5158392434988179,
    "Exp001": 0.07149853085210578,
    "Exp002": 0.2545357524012807,
    "Exp003": 0.45417925478348437,
    "Exp004": 0.9697428139183056
  },
  "forgetting": {
    "Exp000": 0.4832151300236407,
    "Exp001": -0.05778648383937317,
    "Exp002": -0.08164354322305228,
    "Exp003": 0.4269889224572004
  },
  "bwt": {
    "Exp000": -0.4832151300236407,
    "Exp001": 0.05778648383937317,
    "Exp002": 0.08164354322305228,
    "Exp003": -0.4269889224572004
  }
}