{
  "final_accuracy": 0.8825,
  "per_experience_accuracy": {
    "Exp000": 0.939952718676123,
    "Exp001": 0.8281096963761019,
    "Exp002": 0.8249733191035219,
    "Exp003": 0.8308157099697885,
    "Exp004": 0.983358547655068
  },
  "forgetting": {
    "Exp000": 0.05910165484633567,
    "Exp001": 0.16503428011753185,
    "Exp002": 0.1611526147278548,
    "Exp003": 0.15609264853977844
  },
  "bwt": {
    "Exp000": -0.05910165484633567,
    "Exp001": -0.16503428011753185,
    "Exp002": -0.1611526147278548,
    "Exp003": -0.15609264853977844
  }
}