{
  "final_accuracy": 0.4274,
  "per_experience_accuracy": {
    "Exp000": 0.5049645390070922,
    "Exp001": 0.25122428991185114,
    "Exp002": 0.08964781216648879,
    "Exp003": 0.27844914400805637,
    "Exp004": 0.994452849218356
  },
  "forgetting": {
    "Exp000": 0.4940898345153665,
    "Exp001": 0.7424094025465231,
    "Exp002": 0.9076840981856991,
    "Exp003": 0.7205438066465257
  },
  "bwt": {
    "Exp000": -0.4940898345153665,
    "Exp001": -0.7424094025465231,
    "Exp002": -0.9076840981856991,
    "Exp003": -0.7205438066465257
  }
}