{
  "final_accuracy": 0.8753,
  "per_experience_accuracy": {
    "Exp000": 0.9328605200945627,
    "Exp001": 0.8006856023506367,
    "Exp002": 0.7774813233724653,
    "Exp003": 0.8675730110775428,
    "Exp004": 0.9909228441754917
  },
  "forgetting": {
    "Exp000": 0.06572104018912528,
    "Exp001": 0.18168462291870713,
    "Exp002": 0.17609391675560293,
    "Exp003": 0.11732124874118832
  },
  "bwt": {
    "Exp000": -0.06572104018912528,
    "Exp001": -0.18168462291870713,
    "Exp002": -0.17609391675560293,
    "Exp003": -0.11732124874118832
  }
}