{
  "final_accuracy": 0.3807,
  "per_experience_accuracy": {
    "Exp000": 0.17541371158392435,
    "Exp001": 0.30901077375122427,
    "Exp002": 0.15154749199573106,
    "Exp003": 0.2814702920443102,
    "Exp004": 0.989409984871407
  },
  "forgetting": {
    "Exp000": 0.8193853427895981,
    "Exp001": 0.6875612144955925,
    "Exp002": 0.8468516542155816,
    "Exp003": 0.7175226586102719
  },
  "bwt": {
    "Exp000": -0.8193853427895981,
    "Exp001": -0.6875612144955925,
    "Exp002": -0.8468516542155816,
    "Exp003": -0.7175226586102719
  }
}