{
  "final_accuracy": 0.4524,
  "per_experience_accuracy": {
    "Exp000": 0.6278959810874705,
    "Exp001": 0.007835455435847209,
    "Exp002": 0.29935965848452506,
    "Exp003": 0.34894259818731116,
    "Exp004": 0.9712556732223904
  },
  "forgetting": {
    "Exp000": 0.37163120567375885,
    "Exp001": 0.015181194906953967,
    "Exp002": -0.017075773745997835,
    "Exp003": 0.43403826787512595
  },
  "bwt": {
    "Exp000": -0.37163120567375885,
    "Exp001": -0.015181194906953967,
    "Exp002": 0.017075773745997835,
    "Exp003": -0.43403826787512595
  }
}