{
  "final_accuracy": 0.8689,
  "per_experience_accuracy": {
    "Exp000": 0.8865248226950354,
    "Exp001": 0.807541625857003,
    "Exp002": 0.7812166488794023,
    "Exp003": 0.8736153071500503,
    "Exp004": 0.9914271306101866
  },
  "forgetting": {
    "Exp000": 0.11158392434988185,
    "Exp001": -0.13858961802154757,
    "Exp002": 0.20170757737459977,
    "Exp003": 0.11832829808660628
  },
  "bwt": {
    "Exp000": -0.11158392434988185,
    "Exp001": 0.13858961802154757,
    "Exp002": -0.20170757737459977,
    "Exp003": -0.11832829808660628
  }
}