{
  "final_accuracy": 0.1967,
  "per_experience_accuracy": {
    "Exp000": 0.0,
    "Exp001": 0.0,
    "Exp002": 0.0,
    "Exp003": 0.0,
    "Exp004": 0.9919314170448815
  },
  "forgetting": {
    "Exp000": 0.9990543735224586,
    "Exp001": 0.9882468168462292,
    "Exp002": 0.9989327641408752,
    "Exp003": 0.9984894259818731
  },
  "bwt": {
    "Exp000": -0.9990543735224586,
    "Exp001": -0.9882468168462292,
    "Exp002": -0.9989327641408752,
    "Exp003": -0.9984894259818731
  }
}