{
  "final_accuracy": 0.1973,
  "per_experience_accuracy": {
    "Exp000": 0.0,
    "Exp001": 0.0,
    "Exp002": 0.0,
    "Exp003": 0.0,
    "Exp004": 0.9949571356530509
  },
  "forgetting": {
    "Exp000": 0.9995271867612293,
    "Exp001": 0.9970617042115573,
    "Exp002": 0.9994663820704376,
    "Exp003": 0.9984894259818731
  },
  "bwt": {
    "Exp000": -0.9995271867612293,
    "Exp001": -0.9970617042115573,
    "Exp002": -0.9994663820704376,
    "Exp003": -0.9984894259818731
  }
}