{
  "final_accuracy": 0.1959,
  "per_experience_accuracy": {
    "Exp000": 0.0,
    "Exp001": 0.0,
    "Exp002": 0.0,
    "Exp003": 0.0,
    "Exp004": 0.9878971255673222
  },
  "forgetting": {
    "Exp000": 0.9985815602836879,
    "Exp001": 0.9916748285994124,
    "Exp002": 0.9983991462113126,
    "Exp003": 0.9979859013091642
  },
  "bwt": {
    "Exp000": -0.9985815602836879,
    "Exp001": -0.9916748285994124,
    "Exp002": -0.9983991462113126,
    "Exp003": -0.9979859013091642
  }
}