{
  "final_accuracy": 0.3799,
  "per_experience_accuracy": {
    "Exp000": 0.26761229314420804,
    "Exp001": 0.07835455435847209,
    "Exp002": 0.24226254002134473,
    "Exp003": 0.34944612286002014,
    "Exp004": 0.9707513867876955
  },
  "forgetting": {
    "Exp000": 0.3238770685579196,
    "Exp001": 0.311949069539667,
    "Exp002": 0.5304162219850587,
    "Exp003": 0.6349446122860021
  },
  "bwt": {
    "Exp000": -0.3238770685579196,
    "Exp001": -0.311949069539667,
    "Exp002": -0.5304162219850587,
    "Exp003": -0.6349446122860021
  }
}