{
  "final_accuracy": 0.4811,
  "per_experience_accuracy": {
    "Exp000": 0.5943262411347517,
    "Exp001": 0.33104799216454456,
    "Exp002": 0.18569903948772679,
    "Exp003": 0.2814702920443102,
    "Exp004": 0.9939485627836612
  },
  "forgetting": {
    "Exp000": 0.4047281323877069,
    "Exp001": 0.6650342801175317,
    "Exp002": 0.8132337246531484,
    "Exp003": 0.7175226586102719
  },
  "bwt": {
    "Exp000": -0.4047281323877069,
    "Exp001": -0.6650342801175317,
    "Exp002": -0.8132337246531484,
    "Exp003": -0.7175226586102719
  }
}