{
  "final_accuracy": 0.1982,
  "per_experience_accuracy": {
    "Exp000": 0.0,
    "Exp001": 0.0,
    "Exp002": 0.0,
    "Exp003": 0.007049345417925478,
    "Exp004": 0.9924357034795764
  },
  "forgetting": {
    "Exp000": 0.9990543735224586,
    "Exp001": 0.9897159647404505,
    "Exp002": 0.9994663820704376,
    "Exp003": 0.9914400805639476
  },
  "bwt": {
    "Exp000": -0.9990543735224586,
    "Exp001": -0.9897159647404505,
    "Exp002": -0.9994663820704376,
    "Exp003": -0.9914400805639476
  }
}