{
  "final_accuracy": 0.8809,
  "per_experience_accuracy": {
    "Exp000": 0.9456264775413712,
    "Exp001": 0.7933398628795298,
    "Exp002": 0.7934898612593383,
    "Exp003": 0.879154078549849,
    "Exp004": 0.9863842662632375
  },
  "forgetting": {
    "Exp000": 0.05390070921985812,
    "Exp001": 0.1753183153770813,
    "Exp002": 0.13767342582710784,
    "Exp003": 0.11228600201409866
  },
  "bwt": {
    "Exp000": -0.05390070921985812,
    "Exp001": -0.1753183153770813,
    "Exp002": -0.13767342582710784,
    "Exp003": -0.11228600201409866
  }
}