{
  "final_accuracy": 0.1967,
  "per_experience_accuracy": {
    "Exp000": 0.0,
    "Exp001": 0.0,
    "Exp002": 0.0,
    "Exp003": 0.0,
    "Exp004": 0.9919314170448815
  },
  "forgetting": {
    "Exp000": 0.9995271867612293,
    "Exp001": 0.9970617042115573,
    "Exp002": 0.9935965848452508,
    "Exp003": 0.998992950654582
  },
  "bwt": {
    "Exp000": -0.9995271867612293,
    "Exp001": -0.9970617042115573,
    "Exp002": -0.9935965848452508,
    "Exp003": -0.998992950654582
  }
}