{
  "final_accuracy": 0.425,
  "per_experience_accuracy": {
    "Exp000": 0.47423167848699765,
    "Exp001": 0.22428991185112634,
    "Exp002": 0.12913553895410887,
    "Exp003": 0.28851963746223563,
    "Exp004": 0.9954614220877458
  },
  "forgetting": {
    "Exp000": 0.062411347517730476,
    "Exp001": 0.7634671890303624,
    "Exp002": 0.8692636072572038,
    "Exp003": 0.7104733131923464
  },
  "bwt": {
    "Exp000": -0.062411347517730476,
    "Exp001": -0.7634671890303624,
    "Exp002": -0.8692636072572038,
    "Exp003": -0.7104733131923464
  }
}