{
  "final_accuracy": 0.3603,
  "per_experience_accuracy": {
    "Exp000": 0.06004728132387707,
    "Exp001": 0.28158667972575907,
    "Exp002": 0.25880469583778015,
    "Exp003": 0.24219536757301108,
    "Exp004": 0.9757942511346445
  },
  "forgetting": {
    "Exp000": 0.6893617021276596,
    "Exp001": 0.021547502448579836,
    "Exp002": 0.7033084311632871,
    "Exp003": 0.6319234642497482
  },
  "bwt": {
    "Exp000": -0.6893617021276596,
    "Exp001": -0.021547502448579836,
    "Exp002": -0.7033084311632871,
    "Exp003": -0.6319234642497482
  }
}