{
  "final_accuracy": 0.4453,
  "per_experience_accuracy": {
    "Exp000": 0.4335697399527187,
    "Exp001": 0.3903036238981391,
    "Exp002": 0.15101387406616862,
    "Exp003": 0.24370594159113795,
    "Exp004": 0.994452849218356
  },
  "forgetting": {
    "Exp000": 0.5654846335697399,
    "Exp001": 0.6057786483839372,
    "Exp002": 0.8468516542155816,
    "Exp003": 0.7547834843907351
  },
  "bwt": {
    "Exp000": -0.5654846335697399,
    "Exp001": -0.6057786483839372,
    "Exp002": -0.8468516542155816,
    "Exp003": -0.7547834843907351
  }
}