{
  "final_accuracy": 0.1969,
  "per_experience_accuracy": {
    "Exp000": 0.0,
    "Exp001": 0.0,
    "Exp002": 0.0,
    "Exp003": 0.0,
    "Exp004": 0.9929399899142713
  },
  "forgetting": {
    "Exp000": 0.9990543735224586,
    "Exp001": 0.9960822722820764,
    "Exp002": 0.9989327641408752,
    "Exp003": 0.999496475327291
  },
  "bwt": {
    "Exp000": -0.9990543735224586,
    "Exp001": -0.9960822722820764,
    "Exp002": -0.9989327641408752,
    "Exp003": -0.999496475327291
  }
}