{
  "final_accuracy": 0.4718,
  "per_experience_accuracy": {
    "Exp000": 0.7437352245862884,
    "Exp001": 0.05288932419196866,
    "Exp002": 0.1744930629669157,
    "Exp003": 0.3942598187311178,
    "Exp004": 0.9717599596570852
  },
  "forgetting": {
    "Exp000": 0.25531914893617025,
    "Exp001": -0.011753183153770816,
    "Exp002": 0.10405549626467447,
    "Exp003": 0.43101711983887214
  },
  "bwt": {
    "Exp000": -0.25531914893617025,
    "Exp001": 0.011753183153770816,
    "Exp002": -0.10405549626467447,
    "Exp003": -0.43101711983887214
  }
}