{
  "final_accuracy": 0.8792,
  "per_experience_accuracy": {
    "Exp000": 0.9101654846335697,
    "Exp001": 0.7752203721841332,
    "Exp002": 0.8628601921024547,
    "Exp003": 0.8605236656596174,
    "Exp004": 0.9873928391326273
  },
  "forgetting": {
    "Exp000": 0.08936170212765959,
    "Exp001": -0.28060724779627816,
    "Exp002": 0.10085378868729988,
    "Exp003": 0.12940584088620344
  },
  "bwt": {
    "Exp000": -0.08936170212765959,
    "Exp001": 0.28060724779627816,
    "Exp002": -0.10085378868729988,
    "Exp003": -0.12940584088620344
  }
}