{
  "final_accuracy": 0.3382,
  "per_experience_accuracy": {
    "Exp000": 0.12245862884160756,
    "Exp001": 0.16013712047012732,
    "Exp002": 0.17982924226254002,
    "Exp003": 0.2457200402819738,
    "Exp004": 0.9939485627836612
  },
  "forgetting": {
    "Exp000": 0.8732860520094563,
    "Exp001": 0.8339862879529873,
    "Exp002": 0.82017075773746,
    "Exp003": 0.7527693856998993
  },
  "bwt": {
    "Exp000": -0.8732860520094563,
    "Exp001": -0.8339862879529873,
    "Exp002": -0.82017075773746,
    "Exp003": -0.7527693856998993
  }
}