{
  "final_accuracy": 0.3804,
  "per_experience_accuracy": {
    "Exp000": 0.33191489361702126,
    "Exp001": 0.2238001958863859,
    "Exp002": 0.20651013874066168,
    "Exp003": 0.14350453172205438,
    "Exp004": 0.9949571356530509
  },
  "forgetting": {
    "Exp000": 0.6676122931442081,
    "Exp001": 0.7727717923604309,
    "Exp002": 0.7924226254002135,
    "Exp003": 0.8549848942598187
  },
  "bwt": {
    "Exp000": -0.6676122931442081,
    "Exp001": -0.7727717923604309,
    "Exp002": -0.7924226254002135,
    "Exp003": -0.8549848942598187
  }
}