{
  "final_accuracy": 0.1971,
  "per_experience_accuracy": {
    "Exp000": 0.0,
    "Exp001": 0.0,
    "Exp002": 0.0,
    "Exp003": 0.0,
    "Exp004": 0.9939485627836612
  },
  "forgetting": {
    "Exp000": 0.9858156028368794,
    "Exp001": 0.5284035259549461,
    "Exp002": 0.7038420490928495,
    "Exp003": 0.9959718026183283
  },
  "bwt": {
    "Exp000": -0.9858156028368794,
    "Exp001": -0.5284035259549461,
    "Exp002": -0.7038420490928495,
    "Exp003": -0.9959718026183283
  }
}