{
  "final_accuracy": 0.197,
  "per_experience_accuracy": {
    "Exp000": 0.0,
    "Exp001": 0.0,
    "Exp002": 0.0,
    "Exp003": 0.0,
    "Exp004": 0.9934442763489663
  },
  "forgetting": {
    "Exp000": 0.9990543735224586,
    "Exp001": 0.9906953966699314,
    "Exp002": 1.0,
    "Exp003": 0.9979859013091642
  },
  "bwt": {
    "Exp000": -0.9990543735224586,
    "Exp001": -0.9906953966699314,
    "Exp002": -1.0,
    "Exp003": -0.9979859013091642
  }
}