{
  "final_accuracy": 0.4487,
  "per_experience_accuracy": {
    "Exp000": 0.6643026004728132,
    "Exp001": 0.014691478942213516,
    "Exp002": 0.1520811099252935,
    "Exp003": 0.4310171198388721,
    "Exp004": 0.9636913767019667
  },
  "forgetting": {
    "Exp000": 0.33475177304964543,
    "Exp001": 0.0058765915768854045,
    "Exp002": 0.20117395944503735,
    "Exp003": 0.41893252769385697
  },
  "bwt": {
    "Exp000": -0.33475177304964543,
    "Exp001": -0.0058765915768854045,
    "Exp002": -0.20117395944503735,
    "Exp003": -0.41893252769385697
  }
}