{
  "final_accuracy": 0.8808,
  "per_experience_accuracy": {
    "Exp000": 0.9257683215130024,
    "Exp001": 0.7997061704211558,
    "Exp002": 0.7929562433297759,
    "Exp003": 0.9023162134944612,
    "Exp004": 0.9778113968734241
  },
  "forgetting": {
    "Exp000": 0.07328605200945626,
    "Exp001": 0.10675808031341816,
    "Exp002": 0.19797225186766276,
    "Exp003": 0.08710976837865059
  },
  "bwt": {
    "Exp000": -0.07328605200945626,
    "Exp001": -0.10675808031341816,
    "Exp002": -0.19797225186766276,
    "Exp003": -0.08710976837865059
  }
}