{
  "final_accuracy": 0.1966,
  "per_experience_accuracy": {
    "Exp000": 0.0,
    "Exp001": 0.0,
    "Exp002": 0.0,
    "Exp003": 0.0,
    "Exp004": 0.9914271306101866
  },
  "forgetting": {
    "Exp000": 0.9929078014184397,
    "Exp001": 0.7081292850146915,
    "Exp002": 0.5859124866595518,
    "Exp003": 0.9979859013091642
  },
  "bwt": {
    "Exp000": -0.9929078014184397,
    "Exp001": -0.7081292850146915,
    "Exp002": -0.5859124866595518,
    "Exp003": -0.9979859013091642
  }
}