{
  "final_accuracy": 0.4873,
  "per_experience_accuracy": {
    "Exp000": 0.6387706855791963,
    "Exp001": 0.351126346718903,
    "Exp002": 0.11366061899679829,
    "Exp003": 0.31067472306143,
    "Exp004": 0.9959657085224407
  },
  "forgetting": {
    "Exp000": 0.36075650118203306,
    "Exp001": 0.6376101860920667,
    "Exp002": 0.8847385272145144,
    "Exp003": 0.6847935548841892
  },
  "bwt": {
    "Exp000": -0.36075650118203306,
    "Exp001": -0.6376101860920667,
    "Exp002": -0.8847385272145144,
    "Exp003": -0.6847935548841892
  }
}