{
  "final_accuracy": 0.1966,
  "per_experience_accuracy": {
    "Exp000": 0.0,
    "Exp001": 0.0,
    "Exp002": 0.0,
    "Exp003": 0.0,
    "Exp004": 0.9914271306101866
  },
  "forgetting": {
    "Exp000": 0.9995271867612293,
    "Exp001": 0.9951028403525954,
    "Exp002": 0.991462113127001,
    "Exp003": 0.9984894259818731
  },
  "bwt": {
    "Exp000": -0.9995271867612293,
    "Exp001": -0.9951028403525954,
    "Exp002": -0.991462113127001,
    "Exp003": -0.9984894259818731
  }
}