{
  "final_accuracy": 0.4706,
  "per_experience_accuracy": {
    "Exp000": 0.640661938534279,
    "Exp001": 0.02595494613124388,
    "Exp002": 0.19743863393810032,
    "Exp003": 0.5186304128902316,
    "Exp004": 0.957135653050933
  },
  "forgetting": {
    "Exp000": 0.3588652482269503,
    "Exp001": 0.0004897159647404489,
    "Exp002": 0.05122732123799359,
    "Exp003": 0.3413897280966768
  },
  "bwt": {
    "Exp000": -0.3588652482269503,
    "Exp001": -0.0004897159647404489,
    "Exp002": -0.05122732123799359,
    "Exp003": -0.3413897280966768
  }
}