{
  "final_accuracy": 0.887,
  "per_experience_accuracy": {
    "Exp000": 0.9560283687943263,
    "Exp001": 0.7487757100881489,
    "Exp002": 0.852187833511206,
    "Exp003": 0.8927492447129909,
    "Exp004": 0.9828542612203732
  },
  "forgetting": {
    "Exp000": -0.41938534278959816,
    "Exp001": 0.23163565132223307,
    "Exp002": 0.1430096051227321,
    "Exp003": 0.10221550855991945
  },
  "bwt": {
    "Exp000": 0.41938534278959816,
    "Exp001": -0.23163565132223307,
    "Exp002": -0.1430096051227321,
    "Exp003": -0.10221550855991945
  }
}