{
  "final_accuracy": 0.2022,
  "per_experience_accuracy": {
    "Exp000": 0.0,
    "Exp001": 0.0,
    "Exp002": 0.0,
    "Exp003": 0.030211480362537766,
    "Exp004": 0.989409984871407
  },
  "forgetting": {
    "Exp000": 0.9995271867612293,
    "Exp001": 0.9931439764936337,
    "Exp002": 0.9989327641408752,
    "Exp003": 0.9677744209466265
  },
  "bwt": {
    "Exp000": -0.9995271867612293,
    "Exp001": -0.9931439764936337,
    "Exp002": -0.9989327641408752,
    "Exp003": -0.9677744209466265
  }
}