{
  "final_accuracy": 0.4738,
  "per_experience_accuracy": {
    "Exp000": 0.6950354609929078,
    "Exp001": 0.013222331047992164,
    "Exp002": 0.41088580576307365,
    "Exp003": 0.31017119838872104,
    "Exp004": 0.935451336359052
  },
  "forgetting": {
    "Exp000": 0.3044917257683215,
    "Exp001": 0.012732615083251715,
    "Exp002": 0.10085378868729988,
    "Exp003": 0.6017119838872105
  },
  "bwt": {
    "Exp000": -0.3044917257683215,
    "Exp001": -0.012732615083251715,
    "Exp002": -0.10085378868729988,
    "Exp003": -0.6017119838872105
  }
}