{
  "final_accuracy": 0.8686,
  "per_experience_accuracy": {
    "Exp000": 0.9044917257683215,
    "Exp001": 0.8070519098922625,
    "Exp002": 0.7742796157950907,
    "Exp003": 0.8625377643504532,
    "Exp004": 0.988905698436712
  },
  "forgetting": {
    "Exp000": 0.09503546099290783,
    "Exp001": 0.08031341821743387,
    "Exp002": 0.21077908217716113,
    "Exp003": 0.13293051359516617
  },
  "bwt": {
    "Exp000": -0.09503546099290783,
    "Exp001": -0.08031341821743387,
    "Exp002": -0.21077908217716113,
    "Exp003": -0.13293051359516617
  }
}