{
  "final_accuracy": 0.1973,
  "per_experience_accuracy": {
    "Exp000": 0.0,
    "Exp001": 0.0,
    "Exp002": 0.0,
    "Exp003": 0.0,
    "Exp004": 0.9949571356530509
  },
  "forgetting": {
    "Exp000": 0.9995271867612293,
    "Exp001": 0.920666013712047,
    "Exp002": 0.9989327641408752,
    "Exp003": 0.9979859013091642
  },
  "bwt": {
    "Exp000": -0.9995271867612293,
    "Exp001": -0.920666013712047,
    "Exp002": -0.9989327641408752,
    "Exp003": -0.9979859013091642
  }
}