{
  "final_accuracy": 0.1968,
  "per_experience_accuracy": {
    "Exp000": 0.0,
    "Exp001": 0.0,
    "Exp002": 0.0,
    "Exp003": 0.0,
    "Exp004": 0.9924357034795764
  },
  "forgetting": {
    "Exp000": 0.9995271867612293,
    "Exp001": 0.9936336924583742,
    "Exp002": 0.9978655282817502,
    "Exp003": 0.9979859013091642
  },
  "bwt": {
    "Exp000": -0.9995271867612293,
    "Exp001": -0.9936336924583742,
    "Exp002": -0.9978655282817502,
    "Exp003": -0.9979859013091642
  }
}