{
  "final_accuracy": 0.8781,
  "per_experience_accuracy": {
    "Exp000": 0.9281323877068558,
    "Exp001": 0.817335945151812,
    "Exp002": 0.8073639274279616,
    "Exp003": 0.8418932527693856,
    "Exp004": 0.9904185577407968
  },
  "forgetting": {
    "Exp000": 0.07092198581560283,
    "Exp001": -0.3266405484818805,
    "Exp002": 0.1680896478121665,
    "Exp003": 0.13494461228600207
  },
  "bwt": {
    "Exp000": -0.07092198581560283,
    "Exp001": 0.3266405484818805,
    "Exp002": -0.1680896478121665,
    "Exp003": -0.13494461228600207
  }
}