{
  "final_accuracy": 0.197,
  "per_experience_accuracy": {
    "Exp000": 0.0,
    "Exp001": 0.0,
    "Exp002": 0.0,
    "Exp003": 0.0,
    "Exp004": 0.9934442763489663
  },
  "forgetting": {
    "Exp000": 0.9995271867612293,
    "Exp001": 0.9946131243878551,
    "Exp002": 0.9541088580576307,
    "Exp003": 0.9813695871097684
  },
  "bwt": {
    "Exp000": -0.9995271867612293,
    "Exp001": -0.9946131243878551,
    "Exp002": -0.9541088580576307,
    "Exp003": -0.9813695871097684
  }
}