{
  "final_accuracy": 0.4601,
  "per_experience_accuracy": {
    "Exp000": 0.39196217494089836,
    "Exp001": 0.02595494613124388,
    "Exp002": 0.4071504802561366,
    "Exp003": 0.5412890231621349,
    "Exp004": 0.9485627836611196
  },
  "forgetting": {
    "Exp000": 0.6061465721040189,
    "Exp001": -0.011263467189030364,
    "Exp002": -0.21451440768409819,
    "Exp003": 0.4068479355488419
  },
  "bwt": {
    "Exp000": -0.6061465721040189,
    "Exp001": 0.011263467189030364,
    "Exp002": 0.21451440768409819,
    "Exp003": -0.4068479355488419
  }
}