{
  "final_accuracy": 0.1967,
  "per_experience_accuracy": {
    "Exp000": 0.0,
    "Exp001": 0.0,
    "Exp002": 0.0,
    "Exp003": 0.0,
    "Exp004": 0.9919314170448815
  },
  "forgetting": {
    "Exp000": 0.9990543735224586,
    "Exp001": 0.9955925563173359,
    "Exp002": 0.9983991462113126,
    "Exp003": 0.9944612286002014
  },
  "bwt": {
    "Exp000": -0.9990543735224586,
    "Exp001": -0.9955925563173359,
    "Exp002": -0.9983991462113126,
    "Exp003": -0.9944612286002014
  }
}