{
  "final_accuracy": 0.1972,
  "per_experience_accuracy": {
    "Exp000": 0.0,
    "Exp001": 0.0,
    "Exp002": 0.0,
    "Exp003": 0.0,
    "Exp004": 0.994452849218356
  },
  "forgetting": {
    "Exp000": 1.0,
    "Exp001": 0.951028403525955,
    "Exp002": 1.0,
    "Exp003": 0.9984894259818731
  },
  "bwt": {
    "Exp000": -1.0,
    "Exp001": -0.951028403525955,
    "Exp002": -1.0,
    "Exp003": -0.9984894259818731
  }
}