{
  "final_accuracy": 0.1964,
  "per_experience_accuracy": {
    "Exp000": 0.0,
    "Exp001": 0.0,
    "Exp002": 0.0,
    "Exp003": 0.0,
    "Exp004": 0.9904185577407968
  },
  "forgetting": {
    "Exp000": 0.9966903073286052,
    "Exp001": 0.9666993143976493,
    "Exp002": 0.9791889007470651,
    "Exp003": 0.9974823766364552
  },
  "bwt": {
    "Exp000": -0.9966903073286052,
    "Exp001": -0.9666993143976493,
    "Exp002": -0.9791889007470651,
    "Exp003": -0.9974823766364552
  }
}