{
  "final_accuracy": 0.3941,
  "per_experience_accuracy": {
    "Exp000": 0.5200945626477541,
    "Exp001": 0.168462291870715,
    "Exp002": 0.19477054429028814,
    "Exp003": 0.08006042296072508,
    "Exp004": 0.9949571356530509
  },
  "forgetting": {
    "Exp000": 0.4794326241134752,
    "Exp001": 0.8266405484818804,
    "Exp002": 0.8036286019210245,
    "Exp003": 0.9184290030211479
  },
  "bwt": {
    "Exp000": -0.4794326241134752,
    "Exp001": -0.8266405484818804,
    "Exp002": -0.8036286019210245,
    "Exp003": -0.9184290030211479
  }
}