{
  "final_accuracy": 0.1968,
  "per_experience_accuracy": {
    "Exp000": 0.0,
    "Exp001": 0.0,
    "Exp002": 0.0,
    "Exp003": 0.0,
    "Exp004": 0.9924357034795764
  },
  "forgetting": {
    "Exp000": 1.0,
    "Exp001": 0.9955925563173359,
    "Exp002": 0.9909284951974386,
    "Exp003": 0.9974823766364552
  },
  "bwt": {
    "Exp000": -1.0,
    "Exp001": -0.9955925563173359,
    "Exp002": -0.9909284951974386,
    "Exp003": -0.9974823766364552
  }
}