{
  "final_accuracy": 0.2148,
  "per_experience_accuracy": {
    "Exp000": 0.163,
    "Exp001": 0.151,
    "Exp002": 0.133,
    "Exp003": 0.112,
    "Exp004": 0.162,
    "Exp005": 0.135,
    "Exp006": 0.186,
    "Exp007": 0.154,
    "Exp008": 0.141,
    "Exp009": 0.811
  },
  "forgetting": {
    "Exp000": 0.587,
    "Exp001": 0.5559999999999999,
    "Exp002": 0.596,
    "Exp003": 0.58,
    "Exp004": 0.568,
    "Exp005": 0.588,
    "Exp006": 0.532,
    "Exp007": 0.574,
    "Exp008": 0.643
  },
  "bwt": {
    "Exp000": -0.587,
    "Exp001": -0.5559999999999999,
    "Exp002": -0.596,
    "Exp003": -0.58,
    "Exp004": -0.568,
    "Exp005": -0.588,
    "Exp006": -0.532,
    "Exp007": -0.574,
    "Exp008": -0.643
  }
}