{
  "final_accuracy": 0.291,
  "per_experience_accuracy": {
    "Exp000": 0.223,
    "Exp001": 0.225,
    "Exp002": 0.324,
    "Exp003": 0.187,
    "Exp004": 0.276,
    "Exp005": 0.216,
    "Exp006": 0.266,
    "Exp007": 0.19,
    "Exp008": 0.254,
    "Exp009": 0.749
  },
  "forgetting": {
    "Exp000": 0.523,
    "Exp001": 0.4620000000000001,
    "Exp002": 0.36999999999999994,
    "Exp003": 0.47000000000000003,
    "Exp004": 0.496,
    "Exp005": 0.518,
    "Exp006": 0.502,
    "Exp007": 0.325,
    "Exp008": 0.512
  },
  "bwt": {
    "Exp000": -0.523,
    "Exp001": -0.4620000000000001,
    "Exp002": -0.36999999999999994,
    "Exp003": -0.47000000000000003,
    "Exp004": -0.496,
    "Exp005": -0.518,
    "Exp006": -0.502,
    "Exp007": -0.325,
    "Exp008": -0.512
  }
}