{
  "final_accuracy": 0.2953,
  "per_experience_accuracy": {
    "Exp000": 0.24,
    "Exp001": 0.242,
    "Exp002": 0.289,
    "Exp003": 0.147,
    "Exp004": 0.247,
    "Exp005": 0.261,
    "Exp006": 0.274,
    "Exp007": 0.237,
    "Exp008": 0.222,
    "Exp009": 0.794
  },
  "forgetting": {
    "Exp000": 0.474,
    "Exp001": 0.46799999999999997,
    "Exp002": 0.468,
    "Exp003": 0.598,
    "Exp004": 0.5,
    "Exp005": 0.512,
    "Exp006": 0.495,
    "Exp007": 0.497,
    "Exp008": 0.547
  },
  "bwt": {
    "Exp000": -0.474,
    "Exp001": -0.46799999999999997,
    "Exp002": -0.468,
    "Exp003": -0.598,
    "Exp004": -0.5,
    "Exp005": -0.512,
    "Exp006": -0.495,
    "Exp007": -0.497,
    "Exp008": -0.547
  }
}