{
  "final_accuracy": 0.2689,
  "per_experience_accuracy": {
    "Exp000": 0.229,
    "Exp001": 0.178,
    "Exp002": 0.262,
    "Exp003": 0.141,
    "Exp004": 0.222,
    "Exp005": 0.191,
    "Exp006": 0.224,
    "Exp007": 0.203,
    "Exp008": 0.238,
    "Exp009": 0.801
  },
  "forgetting": {
    "Exp000": 0.505,
    "Exp001": 0.506,
    "Exp002": 0.45799999999999996,
    "Exp003": 0.522,
    "Exp004": 0.502,
    "Exp005": 0.567,
    "Exp006": 0.523,
    "Exp007": 0.5389999999999999,
    "Exp008": 0.531
  },
  "bwt": {
    "Exp000": -0.505,
    "Exp001": -0.506,
    "Exp002": -0.45799999999999996,
    "Exp003": -0.522,
    "Exp004": -0.502,
    "Exp005": -0.567,
    "Exp006": -0.523,
    "Exp007": -0.5389999999999999,
    "Exp008": -0.531
  }
}