{
  "final_accuracy": 0.3085,
  "per_experience_accuracy": {
    "Exp000": 0.256,
    "Exp001": 0.241,
    "Exp002": 0.31,
    "Exp003": 0.209,
    "Exp004": 0.269,
    "Exp005": 0.24,
    "Exp006": 0.313,
    "Exp007": 0.251,
    "Exp008": 0.291,
    "Exp009": 0.705
  },
  "forgetting": {
    "Exp000": 0.472,
    "Exp001": 0.43800000000000006,
    "Exp002": 0.37000000000000005,
    "Exp003": 0.512,
    "Exp004": 0.46399999999999997,
    "Exp005": 0.534,
    "Exp006": 0.434,
    "Exp007": 0.46299999999999997,
    "Exp008": 0.516
  },
  "bwt": {
    "Exp000": -0.472,
    "Exp001": -0.43800000000000006,
    "Exp002": -0.37000000000000005,
    "Exp003": -0.512,
    "Exp004": -0.46399999999999997,
    "Exp005": -0.534,
    "Exp006": -0.434,
    "Exp007": -0.46299999999999997,
    "Exp008": -0.516
  }
}