{
  "final_accuracy": 0.3656,
  "per_experience_accuracy": {
    "Exp000": 0.335,
    "Exp001": 0.321,
    "Exp002": 0.389,
    "Exp003": 0.311,
    "Exp004": 0.375,
    "Exp005": 0.366,
    "Exp006": 0.421,
    "Exp007": 0.356,
    "Exp008": 0.441,
    "Exp009": 0.341
  },
  "forgetting": {
    "Exp000": 0.34700000000000003,
    "Exp001": 0.297,
    "Exp002": 0.24,
    "Exp003": 0.326,
    "Exp004": 0.259,
    "Exp005": 0.11399999999999999,
    "Exp006": 0.040000000000000036,
    "Exp007": 0.28900000000000003,
    "Exp008": 0.046999999999999986
  },
  "bwt": {
    "Exp000": -0.34700000000000003,
    "Exp001": -0.297,
    "Exp002": -0.24,
    "Exp003": -0.326,
    "Exp004": -0.259,
    "Exp005": -0.11399999999999999,
    "Exp006": -0.040000000000000036,
    "Exp007": -0.28900000000000003,
    "Exp008": -0.046999999999999986
  }
}