{
  "final_accuracy": 0.224,
  "per_experience_accuracy": {
    "Exp000": 0.159,
    "Exp001": 0.151,
    "Exp002": 0.238,
    "Exp003": 0.121,
    "Exp004": 0.162,
    "Exp005": 0.11,
    "Exp006": 0.192,
    "Exp007": 0.183,
    "Exp008": 0.093,
    "Exp009": 0.831
  },
  "forgetting": {
    "Exp000": 0.563,
    "Exp001": 0.484,
    "Exp002": 0.45099999999999996,
    "Exp003": 0.546,
    "Exp004": 0.5339999999999999,
    "Exp005": 0.619,
    "Exp006": 0.5529999999999999,
    "Exp007": 0.5269999999999999,
    "Exp008": 0.677
  },
  "bwt": {
    "Exp000": -0.563,
    "Exp001": -0.484,
    "Exp002": -0.45099999999999996,
    "Exp003": -0.546,
    "Exp004": -0.5339999999999999,
    "Exp005": -0.619,
    "Exp006": -0.5529999999999999,
    "Exp007": -0.5269999999999999,
    "Exp008": -0.677
  }
}