{
  "final_accuracy": 0.1654,
  "per_experience_accuracy": {
    "Exp000": 0.078,
    "Exp001": 0.066,
    "Exp002": 0.158,
    "Exp003": 0.028,
    "Exp004": 0.114,
    "Exp005": 0.027,
    "Exp006": 0.167,
    "Exp007": 0.137,
    "Exp008": 0.036,
    "Exp009": 0.843
  },
  "forgetting": {
    "Exp000": 0.639,
    "Exp001": 0.6439999999999999,
    "Exp002": 0.567,
    "Exp003": 0.6869999999999999,
    "Exp004": 0.621,
    "Exp005": 0.732,
    "Exp006": 0.6,
    "Exp007": 0.608,
    "Exp008": 0.756
  },
  "bwt": {
    "Exp000": -0.639,
    "Exp001": -0.6439999999999999,
    "Exp002": -0.567,
    "Exp003": -0.6869999999999999,
    "Exp004": -0.621,
    "Exp005": -0.732,
    "Exp006": -0.6,
    "Exp007": -0.608,
    "Exp008": -0.756
  }
}