{
  "final_accuracy": 0.2172,
  "per_experience_accuracy": {
    "Exp000": 0.146,
    "Exp001": 0.11,
    "Exp002": 0.181,
    "Exp003": 0.099,
    "Exp004": 0.185,
    "Exp005": 0.153,
    "Exp006": 0.224,
    "Exp007": 0.185,
    "Exp008": 0.063,
    "Exp009": 0.826
  },
  "forgetting": {
    "Exp000": 0.607,
    "Exp001": 0.506,
    "Exp002": 0.48200000000000004,
    "Exp003": 0.391,
    "Exp004": 0.454,
    "Exp005": 0.615,
    "Exp006": 0.399,
    "Exp007": 0.38399999999999995,
    "Exp008": 0.7170000000000001
  },
  "bwt": {
    "Exp000": -0.607,
    "Exp001": -0.506,
    "Exp002": -0.48200000000000004,
    "Exp003": -0.391,
    "Exp004": -0.454,
    "Exp005": -0.615,
    "Exp006": -0.399,
    "Exp007": -0.38399999999999995,
    "Exp008": -0.7170000000000001
  }
}