{
  "final_accuracy": 0.3201,
  "per_experience_accuracy": {
    "Exp000": 0.213,
    "Exp001": 0.195,
    "Exp002": 0.311,
    "Exp003": 0.187,
    "Exp004": 0.25,
    "Exp005": 0.334,
    "Exp006": 0.331,
    "Exp007": 0.284,
    "Exp008": 0.415,
    "Exp009": 0.681
  },
  "forgetting": {
    "Exp000": 0.553,
    "Exp001": 0.526,
    "Exp002": 0.43,
    "Exp003": 0.47600000000000003,
    "Exp004": 0.44599999999999995,
    "Exp005": 0.35300000000000004,
    "Exp006": 0.327,
    "Exp007": 0.36900000000000005,
    "Exp008": 0.21800000000000003
  },
  "bwt": {
    "Exp000": -0.553,
    "Exp001": -0.526,
    "Exp002": -0.43,
    "Exp003": -0.47600000000000003,
    "Exp004": -0.44599999999999995,
    "Exp005": -0.35300000000000004,
    "Exp006": -0.327,
    "Exp007": -0.36900000000000005,
    "Exp008": -0.21800000000000003
  }
}