{
  "final_accuracy": 0.3118,
  "per_experience_accuracy": {
    "Exp000": 0.213,
    "Exp001": 0.19,
    "Exp002": 0.296,
    "Exp003": 0.187,
    "Exp004": 0.279,
    "Exp005": 0.283,
    "Exp006": 0.313,
    "Exp007": 0.283,
    "Exp008": 0.382,
    "Exp009": 0.692
  },
  "forgetting": {
    "Exp000": 0.5690000000000001,
    "Exp001": 0.5209999999999999,
    "Exp002": 0.432,
    "Exp003": 0.48500000000000004,
    "Exp004": 0.4149999999999999,
    "Exp005": 0.3980000000000001,
    "Exp006": 0.37100000000000005,
    "Exp007": 0.34,
    "Exp008": 0.265
  },
  "bwt": {
    "Exp000": -0.5690000000000001,
    "Exp001": -0.5209999999999999,
    "Exp002": -0.432,
    "Exp003": -0.48500000000000004,
    "Exp004": -0.4149999999999999,
    "Exp005": -0.3980000000000001,
    "Exp006": -0.37100000000000005,
    "Exp007": -0.34,
    "Exp008": -0.265
  }
}