{
  "final_accuracy": 0.3179,
  "per_experience_accuracy": {
    "Exp000": 0.25,
    "Exp001": 0.202,
    "Exp002": 0.297,
    "Exp003": 0.186,
    "Exp004": 0.284,
    "Exp005": 0.286,
    "Exp006": 0.325,
    "Exp007": 0.289,
    "Exp008": 0.38,
    "Exp009": 0.68
  },
  "forgetting": {
    "Exp000": 0.533,
    "Exp001": 0.52,
    "Exp002": 0.426,
    "Exp003": 0.49700000000000005,
    "Exp004": 0.408,
    "Exp005": 0.427,
    "Exp006": 0.37599999999999995,
    "Exp007": 0.341,
    "Exp008": 0.28500000000000003
  },
  "bwt": {
    "Exp000": -0.533,
    "Exp001": -0.52,
    "Exp002": -0.426,
    "Exp003": -0.49700000000000005,
    "Exp004": -0.408,
    "Exp005": -0.427,
    "Exp006": -0.37599999999999995,
    "Exp007": -0.341,
    "Exp008": -0.28500000000000003
  }
}