{
  "final_accuracy": 0.3157,
  "per_experience_accuracy": {
    "Exp000": 0.237,
    "Exp001": 0.199,
    "Exp002": 0.334,
    "Exp003": 0.182,
    "Exp004": 0.259,
    "Exp005": 0.287,
    "Exp006": 0.303,
    "Exp007": 0.299,
    "Exp008": 0.381,
    "Exp009": 0.676
  },
  "forgetting": {
    "Exp000": 0.538,
    "Exp001": 0.526,
    "Exp002": 0.39699999999999996,
    "Exp003": 0.49400000000000005,
    "Exp004": 0.44099999999999995,
    "Exp005": 0.3950000000000001,
    "Exp006": 0.37600000000000006,
    "Exp007": 0.336,
    "Exp008": 0.266
  },
  "bwt": {
    "Exp000": -0.538,
    "Exp001": -0.526,
    "Exp002": -0.39699999999999996,
    "Exp003": -0.49400000000000005,
    "Exp004": -0.44099999999999995,
    "Exp005": -0.3950000000000001,
    "Exp006": -0.37600000000000006,
    "Exp007": -0.336,
    "Exp008": -0.266
  }
}