{
  "final_accuracy": 0.3193,
  "per_experience_accuracy": {
    "Exp000": 0.237,
    "Exp001": 0.2,
    "Exp002": 0.319,
    "Exp003": 0.202,
    "Exp004": 0.26,
    "Exp005": 0.301,
    "Exp006": 0.312,
    "Exp007": 0.307,
    "Exp008": 0.39,
    "Exp009": 0.665
  },
  "forgetting": {
    "Exp000": 0.521,
    "Exp001": 0.512,
    "Exp002": 0.40399999999999997,
    "Exp003": 0.466,
    "Exp004": 0.405,
    "Exp005": 0.39499999999999996,
    "Exp006": 0.36600000000000005,
    "Exp007": 0.32,
    "Exp008": 0.261
  },
  "bwt": {
    "Exp000": -0.521,
    "Exp001": -0.512,
    "Exp002": -0.40399999999999997,
    "Exp003": -0.466,
    "Exp004": -0.405,
    "Exp005": -0.39499999999999996,
    "Exp006": -0.36600000000000005,
    "Exp007": -0.32,
    "Exp008": -0.261
  }
}