{
  "final_accuracy": 0.319,
  "per_experience_accuracy": {
    "Exp000": 0.219,
    "Exp001": 0.213,
    "Exp002": 0.305,
    "Exp003": 0.2,
    "Exp004": 0.251,
    "Exp005": 0.282,
    "Exp006": 0.332,
    "Exp007": 0.315,
    "Exp008": 0.387,
    "Exp009": 0.686
  },
  "forgetting": {
    "Exp000": 0.539,
    "Exp001": 0.516,
    "Exp002": 0.424,
    "Exp003": 0.49699999999999994,
    "Exp004": 0.44299999999999995,
    "Exp005": 0.40599999999999997,
    "Exp006": 0.328,
    "Exp007": 0.303,
    "Exp008": 0.253
  },
  "bwt": {
    "Exp000": -0.539,
    "Exp001": -0.516,
    "Exp002": -0.424,
    "Exp003": -0.49699999999999994,
    "Exp004": -0.44299999999999995,
    "Exp005": -0.40599999999999997,
    "Exp006": -0.328,
    "Exp007": -0.303,
    "Exp008": -0.253
  }
}