{
  "final_accuracy": 0.3165,
  "per_experience_accuracy": {
    "Exp000": 0.232,
    "Exp001": 0.228,
    "Exp002": 0.281,
    "Exp003": 0.165,
    "Exp004": 0.248,
    "Exp005": 0.274,
    "Exp006": 0.343,
    "Exp007": 0.318,
    "Exp008": 0.382,
    "Exp009": 0.694
  },
  "forgetting": {
    "Exp000": 0.534,
    "Exp001": 0.518,
    "Exp002": 0.44899999999999995,
    "Exp003": 0.489,
    "Exp004": 0.43999999999999995,
    "Exp005": 0.43299999999999994,
    "Exp006": 0.339,
    "Exp007": 0.316,
    "Exp008": 0.278
  },
  "bwt": {
    "Exp000": -0.534,
    "Exp001": -0.518,
    "Exp002": -0.44899999999999995,
    "Exp003": -0.489,
    "Exp004": -0.43999999999999995,
    "Exp005": -0.43299999999999994,
    "Exp006": -0.339,
    "Exp007": -0.316,
    "Exp008": -0.278
  }
}