{
  "final_accuracy": 0.315,
  "per_experience_accuracy": {
    "Exp000": 0.265,
    "Exp001": 0.2,
    "Exp002": 0.299,
    "Exp003": 0.189,
    "Exp004": 0.247,
    "Exp005": 0.292,
    "Exp006": 0.298,
    "Exp007": 0.305,
    "Exp008": 0.38,
    "Exp009": 0.675
  },
  "forgetting": {
    "Exp000": 0.521,
    "Exp001": 0.502,
    "Exp002": 0.422,
    "Exp003": 0.48800000000000004,
    "Exp004": 0.41300000000000003,
    "Exp005": 0.38300000000000006,
    "Exp006": 0.37300000000000005,
    "Exp007": 0.329,
    "Exp008": 0.28300000000000003
  },
  "bwt": {
    "Exp000": -0.521,
    "Exp001": -0.502,
    "Exp002": -0.422,
    "Exp003": -0.48800000000000004,
    "Exp004": -0.41300000000000003,
    "Exp005": -0.38300000000000006,
    "Exp006": -0.37300000000000005,
    "Exp007": -0.329,
    "Exp008": -0.28300000000000003
  }
}