{
  "final_accuracy": 0.3168,
  "per_experience_accuracy": {
    "Exp000": 0.223,
    "Exp001": 0.211,
    "Exp002": 0.29,
    "Exp003": 0.194,
    "Exp004": 0.254,
    "Exp005": 0.277,
    "Exp006": 0.342,
    "Exp007": 0.319,
    "Exp008": 0.378,
    "Exp009": 0.68
  },
  "forgetting": {
    "Exp000": 0.5650000000000001,
    "Exp001": 0.521,
    "Exp002": 0.437,
    "Exp003": 0.47400000000000003,
    "Exp004": 0.43499999999999994,
    "Exp005": 0.42199999999999993,
    "Exp006": 0.3469999999999999,
    "Exp007": 0.318,
    "Exp008": 0.279
  },
  "bwt": {
    "Exp000": -0.5650000000000001,
    "Exp001": -0.521,
    "Exp002": -0.437,
    "Exp003": -0.47400000000000003,
    "Exp004": -0.43499999999999994,
    "Exp005": -0.42199999999999993,
    "Exp006": -0.3469999999999999,
    "Exp007": -0.318,
    "Exp008": -0.279
  }
}