{
  "final_accuracy": 0.3203,
  "per_experience_accuracy": {
    "Exp000": 0.238,
    "Exp001": 0.203,
    "Exp002": 0.304,
    "Exp003": 0.18,
    "Exp004": 0.257,
    "Exp005": 0.311,
    "Exp006": 0.323,
    "Exp007": 0.298,
    "Exp008": 0.402,
    "Exp009": 0.687
  },
  "forgetting": {
    "Exp000": 0.537,
    "Exp001": 0.5109999999999999,
    "Exp002": 0.422,
    "Exp003": 0.49200000000000005,
    "Exp004": 0.44999999999999996,
    "Exp005": 0.39399999999999996,
    "Exp006": 0.35300000000000004,
    "Exp007": 0.34500000000000003,
    "Exp008": 0.241
  },
  "bwt": {
    "Exp000": -0.537,
    "Exp001": -0.5109999999999999,
    "Exp002": -0.422,
    "Exp003": -0.49200000000000005,
    "Exp004": -0.44999999999999996,
    "Exp005": -0.39399999999999996,
    "Exp006": -0.35300000000000004,
    "Exp007": -0.34500000000000003,
    "Exp008": -0.241
  }
}