{
  "final_accuracy": 0.1652,
  "per_experience_accuracy": {
    "Exp000": 0.113,
    "Exp001": 0.036,
    "Exp002": 0.14,
    "Exp003": 0.042,
    "Exp004": 0.1,
    "Exp005": 0.076,
    "Exp006": 0.176,
    "Exp007": 0.105,
    "Exp008": 0.073,
    "Exp009": 0.791
  },
  "forgetting": {
    "Exp000": 0.672,
    "Exp001": 0.697,
    "Exp002": 0.637,
    "Exp003": 0.6769999999999999,
    "Exp004": 0.664,
    "Exp005": 0.6890000000000001,
    "Exp006": 0.556,
    "Exp007": 0.63,
    "Exp008": 0.48999999999999994
  },
  "bwt": {
    "Exp000": -0.672,
    "Exp001": -0.697,
    "Exp002": -0.637,
    "Exp003": -0.6769999999999999,
    "Exp004": -0.664,
    "Exp005": -0.6890000000000001,
    "Exp006": -0.556,
    "Exp007": -0.63,
    "Exp008": -0.48999999999999994
  }
}