{
  "final_accuracy": 0.1374,
  "per_experience_accuracy": {
    "Exp000": 0.09,
    "Exp001": 0.049,
    "Exp002": 0.104,
    "Exp003": 0.012,
    "Exp004": 0.074,
    "Exp005": 0.033,
    "Exp006": 0.114,
    "Exp007": 0.053,
    "Exp008": 0.032,
    "Exp009": 0.813
  },
  "forgetting": {
    "Exp000": 0.6920000000000001,
    "Exp001": 0.6859999999999999,
    "Exp002": 0.66,
    "Exp003": 0.656,
    "Exp004": 0.676,
    "Exp005": 0.717,
    "Exp006": 0.628,
    "Exp007": 0.6799999999999999,
    "Exp008": 0.6749999999999999
  },
  "bwt": {
    "Exp000": -0.6920000000000001,
    "Exp001": -0.6859999999999999,
    "Exp002": -0.66,
    "Exp003": -0.656,
    "Exp004": -0.676,
    "Exp005": -0.717,
    "Exp006": -0.628,
    "Exp007": -0.6799999999999999,
    "Exp008": -0.6749999999999999
  }
}