{
  "final_accuracy": 0.128,
  "per_experience_accuracy": {
    "Exp000": 0.075,
    "Exp001": 0.022,
    "Exp002": 0.077,
    "Exp003": 0.015,
    "Exp004": 0.047,
    "Exp005": 0.053,
    "Exp006": 0.08,
    "Exp007": 0.068,
    "Exp008": 0.014,
    "Exp009": 0.829
  },
  "forgetting": {
    "Exp000": 0.6990000000000001,
    "Exp001": 0.728,
    "Exp002": 0.673,
    "Exp003": 0.732,
    "Exp004": 0.719,
    "Exp005": 0.691,
    "Exp006": 0.639,
    "Exp007": 0.679,
    "Exp008": 0.742
  },
  "bwt": {
    "Exp000": -0.6990000000000001,
    "Exp001": -0.728,
    "Exp002": -0.673,
    "Exp003": -0.732,
    "Exp004": -0.719,
    "Exp005": -0.691,
    "Exp006": -0.639,
    "Exp007": -0.679,
    "Exp008": -0.742
  }
}