{
  "final_accuracy": 0.1259,
  "per_experience_accuracy": {
    "Exp000": 0.041,
    "Exp001": 0.038,
    "Exp002": 0.079,
    "Exp003": 0.027,
    "Exp004": 0.078,
    "Exp005": 0.022,
    "Exp006": 0.11,
    "Exp007": 0.029,
    "Exp008": 0.019,
    "Exp009": 0.816
  },
  "forgetting": {
    "Exp000": 0.743,
    "Exp001": 0.712,
    "Exp002": 0.6880000000000001,
    "Exp003": 0.6669999999999999,
    "Exp004": 0.6890000000000001,
    "Exp005": 0.652,
    "Exp006": 0.641,
    "Exp007": 0.704,
    "Exp008": 0.733
  },
  "bwt": {
    "Exp000": -0.743,
    "Exp001": -0.712,
    "Exp002": -0.6880000000000001,
    "Exp003": -0.6669999999999999,
    "Exp004": -0.6890000000000001,
    "Exp005": -0.652,
    "Exp006": -0.641,
    "Exp007": -0.704,
    "Exp008": -0.733
  }
}