{
  "final_accuracy": 0.1218,
  "per_experience_accuracy": {
    "Exp000": 0.046,
    "Exp001": 0.022,
    "Exp002": 0.072,
    "Exp003": 0.022,
    "Exp004": 0.075,
    "Exp005": 0.038,
    "Exp006": 0.074,
    "Exp007": 0.039,
    "Exp008": 0.015,
    "Exp009": 0.815
  },
  "forgetting": {
    "Exp000": 0.735,
    "Exp001": 0.719,
    "Exp002": 0.7220000000000001,
    "Exp003": 0.6729999999999999,
    "Exp004": 0.683,
    "Exp005": 0.627,
    "Exp006": 0.6890000000000001,
    "Exp007": 0.7,
    "Exp008": 0.692
  },
  "bwt": {
    "Exp000": -0.735,
    "Exp001": -0.719,
    "Exp002": -0.7220000000000001,
    "Exp003": -0.6729999999999999,
    "Exp004": -0.683,
    "Exp005": -0.627,
    "Exp006": -0.6890000000000001,
    "Exp007": -0.7,
    "Exp008": -0.692
  }
}