{
  "final_accuracy": 0.139,
  "per_experience_accuracy": {
    "Exp000": 0.081,
    "Exp001": 0.036,
    "Exp002": 0.083,
    "Exp003": 0.008,
    "Exp004": 0.103,
    "Exp005": 0.032,
    "Exp006": 0.108,
    "Exp007": 0.058,
    "Exp008": 0.071,
    "Exp009": 0.81
  },
  "forgetting": {
    "Exp000": 0.6880000000000001,
    "Exp001": 0.694,
    "Exp002": 0.674,
    "Exp003": 0.699,
    "Exp004": 0.633,
    "Exp005": 0.743,
    "Exp006": 0.638,
    "Exp007": 0.6759999999999999,
    "Exp008": 0.682
  },
  "bwt": {
    "Exp000": -0.6880000000000001,
    "Exp001": -0.694,
    "Exp002": -0.674,
    "Exp003": -0.699,
    "Exp004": -0.633,
    "Exp005": -0.743,
    "Exp006": -0.638,
    "Exp007": -0.6759999999999999,
    "Exp008": -0.682
  }
}