{
  "final_accuracy": 0.1193,
  "per_experience_accuracy": {
    "Exp000": 0.058,
    "Exp001": 0.016,
    "Exp002": 0.037,
    "Exp003": 0.012,
    "Exp004": 0.062,
    "Exp005": 0.023,
    "Exp006": 0.087,
    "Exp007": 0.062,
    "Exp008": 0.022,
    "Exp009": 0.814
  },
  "forgetting": {
    "Exp000": 0.717,
    "Exp001": 0.728,
    "Exp002": 0.743,
    "Exp003": 0.642,
    "Exp004": 0.6970000000000001,
    "Exp005": 0.741,
    "Exp006": 0.606,
    "Exp007": 0.687,
    "Exp008": 0.6749999999999999
  },
  "bwt": {
    "Exp000": -0.717,
    "Exp001": -0.728,
    "Exp002": -0.743,
    "Exp003": -0.642,
    "Exp004": -0.6970000000000001,
    "Exp005": -0.741,
    "Exp006": -0.606,
    "Exp007": -0.687,
    "Exp008": -0.6749999999999999
  }
}