{
  "final_accuracy": 0.1381,
  "per_experience_accuracy": {
    "Exp000": 0.084,
    "Exp001": 0.022,
    "Exp002": 0.101,
    "Exp003": 0.007,
    "Exp004": 0.091,
    "Exp005": 0.024,
    "Exp006": 0.126,
    "Exp007": 0.057,
    "Exp008": 0.052,
    "Exp009": 0.817
  },
  "forgetting": {
    "Exp000": 0.6970000000000001,
    "Exp001": 0.729,
    "Exp002": 0.647,
    "Exp003": 0.719,
    "Exp004": 0.679,
    "Exp005": 0.746,
    "Exp006": 0.625,
    "Exp007": 0.692,
    "Exp008": 0.6769999999999999
  },
  "bwt": {
    "Exp000": -0.6970000000000001,
    "Exp001": -0.729,
    "Exp002": -0.647,
    "Exp003": -0.719,
    "Exp004": -0.679,
    "Exp005": -0.746,
    "Exp006": -0.625,
    "Exp007": -0.692,
    "Exp008": -0.6769999999999999
  }
}