{
  "final_accuracy": 0.1036,
  "per_experience_accuracy": {
    "Exp000": 0.019,
    "Exp001": 0.003,
    "Exp002": 0.02,
    "Exp003": 0.002,
    "Exp004": 0.052,
    "Exp005": 0.018,
    "Exp006": 0.062,
    "Exp007": 0.031,
    "Exp008": 0.015,
    "Exp009": 0.814
  },
  "forgetting": {
    "Exp000": 0.739,
    "Exp001": 0.719,
    "Exp002": 0.75,
    "Exp003": 0.6869999999999999,
    "Exp004": 0.689,
    "Exp005": 0.744,
    "Exp006": 0.633,
    "Exp007": 0.71,
    "Exp008": 0.723
  },
  "bwt": {
    "Exp000": -0.739,
    "Exp001": -0.719,
    "Exp002": -0.75,
    "Exp003": -0.6869999999999999,
    "Exp004": -0.689,
    "Exp005": -0.744,
    "Exp006": -0.633,
    "Exp007": -0.71,
    "Exp008": -0.723
  }
}