{
  "final_accuracy": 0.1451,
  "per_experience_accuracy": {
    "Exp000": 0.064,
    "Exp001": 0.048,
    "Exp002": 0.103,
    "Exp003": 0.027,
    "Exp004": 0.092,
    "Exp005": 0.061,
    "Exp006": 0.104,
    "Exp007": 0.09,
    "Exp008": 0.054,
    "Exp009": 0.808
  },
  "forgetting": {
    "Exp000": 0.726,
    "Exp001": 0.6859999999999999,
    "Exp002": 0.664,
    "Exp003": 0.6619999999999999,
    "Exp004": 0.646,
    "Exp005": 0.712,
    "Exp006": 0.641,
    "Exp007": 0.642,
    "Exp008": 0.716
  },
  "bwt": {
    "Exp000": -0.726,
    "Exp001": -0.6859999999999999,
    "Exp002": -0.664,
    "Exp003": -0.6619999999999999,
    "Exp004": -0.646,
    "Exp005": -0.712,
    "Exp006": -0.641,
    "Exp007": -0.642,
    "Exp008": -0.716
  }
}