{
  "final_accuracy": 0.1638,
  "per_experience_accuracy": {
    "Exp000": 0.011,
    "Exp001": 0.0,
    "Exp002": 0.014,
    "Exp003": 0.029,
    "Exp004": 0.051,
    "Exp005": 0.054,
    "Exp006": 0.12,
    "Exp007": 0.296,
    "Exp008": 0.351,
    "Exp009": 0.712
  },
  "forgetting": {
    "Exp000": 0.762,
    "Exp001": 0.232,
    "Exp002": 0.22599999999999998,
    "Exp003": 0.35,
    "Exp004": 0.45,
    "Exp005": 0.568,
    "Exp006": 0.51,
    "Exp007": 0.343,
    "Exp008": 0.33100000000000007
  },
  "bwt": {
    "Exp000": -0.762,
    "Exp001": -0.232,
    "Exp002": -0.22599999999999998,
    "Exp003": -0.35,
    "Exp004": -0.45,
    "Exp005": -0.568,
    "Exp006": -0.51,
    "Exp007": -0.343,
    "Exp008": -0.33100000000000007
  }
}