{
  "final_accuracy": 0.1784,
  "per_experience_accuracy": {
    "Exp000": 0.024,
    "Exp001": 0.008,
    "Exp002": 0.031,
    "Exp003": 0.029,
    "Exp004": 0.065,
    "Exp005": 0.089,
    "Exp006": 0.167,
    "Exp007": 0.257,
    "Exp008": 0.423,
    "Exp009": 0.691
  },
  "forgetting": {
    "Exp000": 0.757,
    "Exp001": 0.19899999999999998,
    "Exp002": 0.347,
    "Exp003": 0.362,
    "Exp004": 0.48800000000000004,
    "Exp005": 0.504,
    "Exp006": 0.45699999999999996,
    "Exp007": 0.33999999999999997,
    "Exp008": 0.25200000000000006
  },
  "bwt": {
    "Exp000": -0.757,
    "Exp001": -0.19899999999999998,
    "Exp002": -0.347,
    "Exp003": -0.362,
    "Exp004": -0.48800000000000004,
    "Exp005": -0.504,
    "Exp006": -0.45699999999999996,
    "Exp007": -0.33999999999999997,
    "Exp008": -0.25200000000000006
  }
}