{
  "final_accuracy": 0.1643,
  "per_experience_accuracy": {
    "Exp000": 0.016,
    "Exp001": 0.002,
    "Exp002": 0.018,
    "Exp003": 0.023,
    "Exp004": 0.051,
    "Exp005": 0.051,
    "Exp006": 0.11,
    "Exp007": 0.268,
    "Exp008": 0.371,
    "Exp009": 0.733
  },
  "forgetting": {
    "Exp000": 0.761,
    "Exp001": 0.227,
    "Exp002": 0.294,
    "Exp003": 0.362,
    "Exp004": 0.466,
    "Exp005": 0.5349999999999999,
    "Exp006": 0.523,
    "Exp007": 0.367,
    "Exp008": 0.31600000000000006
  },
  "bwt": {
    "Exp000": -0.761,
    "Exp001": -0.227,
    "Exp002": -0.294,
    "Exp003": -0.362,
    "Exp004": -0.466,
    "Exp005": -0.5349999999999999,
    "Exp006": -0.523,
    "Exp007": -0.367,
    "Exp008": -0.31600000000000006
  }
}