{
  "final_accuracy": 0.1556,
  "per_experience_accuracy": {
    "Exp000": 0.009,
    "Exp001": 0.003,
    "Exp002": 0.02,
    "Exp003": 0.019,
    "Exp004": 0.031,
    "Exp005": 0.052,
    "Exp006": 0.088,
    "Exp007": 0.226,
    "Exp008": 0.357,
    "Exp009": 0.751
  },
  "forgetting": {
    "Exp000": 0.77,
    "Exp001": 0.254,
    "Exp002": 0.33299999999999996,
    "Exp003": 0.38799999999999996,
    "Exp004": 0.513,
    "Exp005": 0.5379999999999999,
    "Exp006": 0.532,
    "Exp007": 0.41900000000000004,
    "Exp008": 0.30000000000000004
  },
  "bwt": {
    "Exp000": -0.77,
    "Exp001": -0.254,
    "Exp002": -0.33299999999999996,
    "Exp003": -0.38799999999999996,
    "Exp004": -0.513,
    "Exp005": -0.5379999999999999,
    "Exp006": -0.532,
    "Exp007": -0.41900000000000004,
    "Exp008": -0.30000000000000004
  }
}