{
  "final_accuracy": 0.1576,
  "per_experience_accuracy": {
    "Exp000": 0.007,
    "Exp001": 0.004,
    "Exp002": 0.024,
    "Exp003": 0.016,
    "Exp004": 0.043,
    "Exp005": 0.044,
    "Exp006": 0.1,
    "Exp007": 0.241,
    "Exp008": 0.352,
    "Exp009": 0.745
  },
  "forgetting": {
    "Exp000": 0.786,
    "Exp001": 0.217,
    "Exp002": 0.24000000000000002,
    "Exp003": 0.34099999999999997,
    "Exp004": 0.441,
    "Exp005": 0.5419999999999999,
    "Exp006": 0.522,
    "Exp007": 0.405,
    "Exp008": 0.32900000000000007
  },
  "bwt": {
    "Exp000": -0.786,
    "Exp001": -0.217,
    "Exp002": -0.24000000000000002,
    "Exp003": -0.34099999999999997,
    "Exp004": -0.441,
    "Exp005": -0.5419999999999999,
    "Exp006": -0.522,
    "Exp007": -0.405,
    "Exp008": -0.32900000000000007
  }
}