{
  "final_accuracy": 0.1603,
  "per_experience_accuracy": {
    "Exp000": 0.029,
    "Exp001": 0.005,
    "Exp002": 0.015,
    "Exp003": 0.02,
    "Exp004": 0.054,
    "Exp005": 0.068,
    "Exp006": 0.096,
    "Exp007": 0.251,
    "Exp008": 0.322,
    "Exp009": 0.743
  },
  "forgetting": {
    "Exp000": 0.752,
    "Exp001": 0.194,
    "Exp002": 0.265,
    "Exp003": 0.365,
    "Exp004": 0.49100000000000005,
    "Exp005": 0.5049999999999999,
    "Exp006": 0.501,
    "Exp007": 0.389,
    "Exp008": 0.329
  },
  "bwt": {
    "Exp000": -0.752,
    "Exp001": -0.194,
    "Exp002": -0.265,
    "Exp003": -0.365,
    "Exp004": -0.49100000000000005,
    "Exp005": -0.5049999999999999,
    "Exp006": -0.501,
    "Exp007": -0.389,
    "Exp008": -0.329
  }
}