{
  "final_accuracy": 0.1695,
  "per_experience_accuracy": {
    "Exp000": 0.023,
    "Exp001": 0.011,
    "Exp002": 0.048,
    "Exp003": 0.027,
    "Exp004": 0.045,
    "Exp005": 0.067,
    "Exp006": 0.143,
    "Exp007": 0.24,
    "Exp008": 0.332,
    "Exp009": 0.759
  },
  "forgetting": {
    "Exp000": 0.754,
    "Exp001": 0.206,
    "Exp002": 0.308,
    "Exp003": 0.33399999999999996,
    "Exp004": 0.47800000000000004,
    "Exp005": 0.5129999999999999,
    "Exp006": 0.488,
    "Exp007": 0.353,
    "Exp008": 0.313
  },
  "bwt": {
    "Exp000": -0.754,
    "Exp001": -0.206,
    "Exp002": -0.308,
    "Exp003": -0.33399999999999996,
    "Exp004": -0.47800000000000004,
    "Exp005": -0.5129999999999999,
    "Exp006": -0.488,
    "Exp007": -0.353,
    "Exp008": -0.313
  }
}