{
  "final_accuracy": 0.1683,
  "per_experience_accuracy": {
    "Exp000": 0.015,
    "Exp001": 0.006,
    "Exp002": 0.041,
    "Exp003": 0.045,
    "Exp004": 0.059,
    "Exp005": 0.068,
    "Exp006": 0.122,
    "Exp007": 0.236,
    "Exp008": 0.406,
    "Exp009": 0.685
  },
  "forgetting": {
    "Exp000": 0.781,
    "Exp001": 0.22999999999999998,
    "Exp002": 0.312,
    "Exp003": 0.38,
    "Exp004": 0.48900000000000005,
    "Exp005": 0.5189999999999999,
    "Exp006": 0.502,
    "Exp007": 0.38,
    "Exp008": 0.273
  },
  "bwt": {
    "Exp000": -0.781,
    "Exp001": -0.22999999999999998,
    "Exp002": -0.312,
    "Exp003": -0.38,
    "Exp004": -0.48900000000000005,
    "Exp005": -0.5189999999999999,
    "Exp006": -0.502,
    "Exp007": -0.38,
    "Exp008": -0.273
  }
}