{
  "final_accuracy": 0.1577,
  "per_experience_accuracy": {
    "Exp000": 0.009,
    "Exp001": 0.012,
    "Exp002": 0.037,
    "Exp003": 0.029,
    "Exp004": 0.026,
    "Exp005": 0.062,
    "Exp006": 0.105,
    "Exp007": 0.211,
    "Exp008": 0.355,
    "Exp009": 0.731
  },
  "forgetting": {
    "Exp000": 0.77,
    "Exp001": 0.25,
    "Exp002": 0.34,
    "Exp003": 0.415,
    "Exp004": 0.508,
    "Exp005": 0.5469999999999999,
    "Exp006": 0.517,
    "Exp007": 0.42100000000000004,
    "Exp008": 0.29700000000000004
  },
  "bwt": {
    "Exp000": -0.77,
    "Exp001": -0.25,
    "Exp002": -0.34,
    "Exp003": -0.415,
    "Exp004": -0.508,
    "Exp005": -0.5469999999999999,
    "Exp006": -0.517,
    "Exp007": -0.42100000000000004,
    "Exp008": -0.29700000000000004
  }
}