{
  "final_accuracy": 0.1655,
  "per_experience_accuracy": {
    "Exp000": 0.025,
    "Exp001": 0.004,
    "Exp002": 0.037,
    "Exp003": 0.027,
    "Exp004": 0.044,
    "Exp005": 0.062,
    "Exp006": 0.129,
    "Exp007": 0.239,
    "Exp008": 0.343,
    "Exp009": 0.745
  },
  "forgetting": {
    "Exp000": 0.765,
    "Exp001": 0.192,
    "Exp002": 0.35100000000000003,
    "Exp003": 0.33799999999999997,
    "Exp004": 0.49900000000000005,
    "Exp005": 0.49700000000000005,
    "Exp006": 0.502,
    "Exp007": 0.393,
    "Exp008": 0.335
  },
  "bwt": {
    "Exp000": -0.765,
    "Exp001": -0.192,
    "Exp002": -0.35100000000000003,
    "Exp003": -0.33799999999999997,
    "Exp004": -0.49900000000000005,
    "Exp005": -0.49700000000000005,
    "Exp006": -0.502,
    "Exp007": -0.393,
    "Exp008": -0.335
  }
}