{
  "final_accuracy": 0.3107,
  "per_experience_accuracy": {
    "Exp000": 0.265,
    "Exp001": 0.2,
    "Exp002": 0.284,
    "Exp003": 0.19,
    "Exp004": 0.274,
    "Exp005": 0.243,
    "Exp006": 0.32,
    "Exp007": 0.276,
    "Exp008": 0.367,
    "Exp009": 0.688
  },
  "forgetting": {
    "Exp000": 0.491,
    "Exp001": 0.444,
    "Exp002": 0.423,
    "Exp003": 0.49100000000000005,
    "Exp004": 0.39,
    "Exp005": 0.44999999999999996,
    "Exp006": 0.35800000000000004,
    "Exp007": 0.33199999999999996,
    "Exp008": 0.31100000000000005
  },
  "bwt": {
    "Exp000": -0.491,
    "Exp001": -0.444,
    "Exp002": -0.423,
    "Exp003": -0.49100000000000005,
    "Exp004": -0.39,
    "Exp005": -0.44999999999999996,
    "Exp006": -0.35800000000000004,
    "Exp007": -0.33199999999999996,
    "Exp008": -0.31100000000000005
  }
}