{
  "final_accuracy": 0.3204,
  "per_experience_accuracy": {
    "Exp000": 0.274,
    "Exp001": 0.21,
    "Exp002": 0.299,
    "Exp003": 0.206,
    "Exp004": 0.292,
    "Exp005": 0.265,
    "Exp006": 0.326,
    "Exp007": 0.291,
    "Exp008": 0.363,
    "Exp009": 0.678
  },
  "forgetting": {
    "Exp000": 0.472,
    "Exp001": 0.44600000000000006,
    "Exp002": 0.416,
    "Exp003": 0.45000000000000007,
    "Exp004": 0.417,
    "Exp005": 0.42399999999999993,
    "Exp006": 0.336,
    "Exp007": 0.35500000000000004,
    "Exp008": 0.30700000000000005
  },
  "bwt": {
    "Exp000": -0.472,
    "Exp001": -0.44600000000000006,
    "Exp002": -0.416,
    "Exp003": -0.45000000000000007,
    "Exp004": -0.417,
    "Exp005": -0.42399999999999993,
    "Exp006": -0.336,
    "Exp007": -0.35500000000000004,
    "Exp008": -0.30700000000000005
  }
}