{
  "final_accuracy": 0.3196,
  "per_experience_accuracy": {
    "Exp000": 0.281,
    "Exp001": 0.236,
    "Exp002": 0.334,
    "Exp003": 0.218,
    "Exp004": 0.243,
    "Exp005": 0.265,
    "Exp006": 0.339,
    "Exp007": 0.256,
    "Exp008": 0.358,
    "Exp009": 0.666
  },
  "forgetting": {
    "Exp000": 0.45899999999999996,
    "Exp001": 0.43600000000000005,
    "Exp002": 0.3539999999999999,
    "Exp003": 0.44200000000000006,
    "Exp004": 0.45099999999999996,
    "Exp005": 0.41500000000000004,
    "Exp006": 0.325,
    "Exp007": 0.392,
    "Exp008": 0.31300000000000006
  },
  "bwt": {
    "Exp000": -0.45899999999999996,
    "Exp001": -0.43600000000000005,
    "Exp002": -0.3539999999999999,
    "Exp003": -0.44200000000000006,
    "Exp004": -0.45099999999999996,
    "Exp005": -0.41500000000000004,
    "Exp006": -0.325,
    "Exp007": -0.392,
    "Exp008": -0.31300000000000006
  }
}