{
  "final_accuracy": 0.3149,
  "per_experience_accuracy": {
    "Exp000": 0.294,
    "Exp001": 0.222,
    "Exp002": 0.299,
    "Exp003": 0.185,
    "Exp004": 0.274,
    "Exp005": 0.293,
    "Exp006": 0.301,
    "Exp007": 0.264,
    "Exp008": 0.346,
    "Exp009": 0.671
  },
  "forgetting": {
    "Exp000": 0.419,
    "Exp001": 0.43800000000000006,
    "Exp002": 0.39799999999999996,
    "Exp003": 0.468,
    "Exp004": 0.41200000000000003,
    "Exp005": 0.40499999999999997,
    "Exp006": 0.35200000000000004,
    "Exp007": 0.34299999999999997,
    "Exp008": 0.31800000000000006
  },
  "bwt": {
    "Exp000": -0.419,
    "Exp001": -0.43800000000000006,
    "Exp002": -0.39799999999999996,
    "Exp003": -0.468,
    "Exp004": -0.41200000000000003,
    "Exp005": -0.40499999999999997,
    "Exp006": -0.35200000000000004,
    "Exp007": -0.34299999999999997,
    "Exp008": -0.31800000000000006
  }
}