{
  "final_accuracy": 0.3183,
  "per_experience_accuracy": {
    "Exp000": 0.283,
    "Exp001": 0.201,
    "Exp002": 0.258,
    "Exp003": 0.219,
    "Exp004": 0.294,
    "Exp005": 0.349,
    "Exp006": 0.299,
    "Exp007": 0.262,
    "Exp008": 0.377,
    "Exp009": 0.641
  },
  "forgetting": {
    "Exp000": 0.47100000000000003,
    "Exp001": 0.453,
    "Exp002": 0.44599999999999995,
    "Exp003": 0.42400000000000004,
    "Exp004": 0.39799999999999996,
    "Exp005": 0.356,
    "Exp006": 0.37000000000000005,
    "Exp007": 0.346,
    "Exp008": 0.30100000000000005
  },
  "bwt": {
    "Exp000": -0.47100000000000003,
    "Exp001": -0.453,
    "Exp002": -0.44599999999999995,
    "Exp003": -0.42400000000000004,
    "Exp004": -0.39799999999999996,
    "Exp005": -0.356,
    "Exp006": -0.37000000000000005,
    "Exp007": -0.346,
    "Exp008": -0.30100000000000005
  }
}