{
  "final_accuracy": 0.3113,
  "per_experience_accuracy": {
    "Exp000": 0.267,
    "Exp001": 0.2,
    "Exp002": 0.311,
    "Exp003": 0.176,
    "Exp004": 0.255,
    "Exp005": 0.281,
    "Exp006": 0.296,
    "Exp007": 0.256,
    "Exp008": 0.379,
    "Exp009": 0.692
  },
  "forgetting": {
    "Exp000": 0.46199999999999997,
    "Exp001": 0.47400000000000003,
    "Exp002": 0.39599999999999996,
    "Exp003": 0.48700000000000004,
    "Exp004": 0.43000000000000005,
    "Exp005": 0.396,
    "Exp006": 0.37600000000000006,
    "Exp007": 0.377,
    "Exp008": 0.29100000000000004
  },
  "bwt": {
    "Exp000": -0.46199999999999997,
    "Exp001": -0.47400000000000003,
    "Exp002": -0.39599999999999996,
    "Exp003": -0.48700000000000004,
    "Exp004": -0.43000000000000005,
    "Exp005": -0.396,
    "Exp006": -0.37600000000000006,
    "Exp007": -0.377,
    "Exp008": -0.29100000000000004
  }
}