{
  "final_accuracy": 0.3043,
  "per_experience_accuracy": {
    "Exp000": 0.228,
    "Exp001": 0.204,
    "Exp002": 0.309,
    "Exp003": 0.17,
    "Exp004": 0.235,
    "Exp005": 0.253,
    "Exp006": 0.315,
    "Exp007": 0.263,
    "Exp008": 0.369,
    "Exp009": 0.697
  },
  "forgetting": {
    "Exp000": 0.503,
    "Exp001": 0.43800000000000006,
    "Exp002": 0.38499999999999995,
    "Exp003": 0.44999999999999996,
    "Exp004": 0.46499999999999997,
    "Exp005": 0.41900000000000004,
    "Exp006": 0.34500000000000003,
    "Exp007": 0.372,
    "Exp008": 0.31500000000000006
  },
  "bwt": {
    "Exp000": -0.503,
    "Exp001": -0.43800000000000006,
    "Exp002": -0.38499999999999995,
    "Exp003": -0.44999999999999996,
    "Exp004": -0.46499999999999997,
    "Exp005": -0.41900000000000004,
    "Exp006": -0.34500000000000003,
    "Exp007": -0.372,
    "Exp008": -0.31500000000000006
  }
}