{
  "final_accuracy": 0.3084,
  "per_experience_accuracy": {
    "Exp000": 0.238,
    "Exp001": 0.222,
    "Exp002": 0.282,
    "Exp003": 0.17,
    "Exp004": 0.267,
    "Exp005": 0.286,
    "Exp006": 0.319,
    "Exp007": 0.276,
    "Exp008": 0.359,
    "Exp009": 0.665
  },
  "forgetting": {
    "Exp000": 0.5,
    "Exp001": 0.386,
    "Exp002": 0.412,
    "Exp003": 0.51,
    "Exp004": 0.42099999999999993,
    "Exp005": 0.3970000000000001,
    "Exp006": 0.35200000000000004,
    "Exp007": 0.33999999999999997,
    "Exp008": 0.279
  },
  "bwt": {
    "Exp000": -0.5,
    "Exp001": -0.386,
    "Exp002": -0.412,
    "Exp003": -0.51,
    "Exp004": -0.42099999999999993,
    "Exp005": -0.3970000000000001,
    "Exp006": -0.35200000000000004,
    "Exp007": -0.33999999999999997,
    "Exp008": -0.279
  }
}