{
  "final_accuracy": 0.3026,
  "per_experience_accuracy": {
    "Exp000": 0.26,
    "Exp001": 0.201,
    "Exp002": 0.281,
    "Exp003": 0.171,
    "Exp004": 0.245,
    "Exp005": 0.258,
    "Exp006": 0.299,
    "Exp007": 0.278,
    "Exp008": 0.365,
    "Exp009": 0.668
  },
  "forgetting": {
    "Exp000": 0.475,
    "Exp001": 0.452,
    "Exp002": 0.4089999999999999,
    "Exp003": 0.488,
    "Exp004": 0.42500000000000004,
    "Exp005": 0.42999999999999994,
    "Exp006": 0.34500000000000003,
    "Exp007": 0.34199999999999997,
    "Exp008": 0.29500000000000004
  },
  "bwt": {
    "Exp000": -0.475,
    "Exp001": -0.452,
    "Exp002": -0.4089999999999999,
    "Exp003": -0.488,
    "Exp004": -0.42500000000000004,
    "Exp005": -0.42999999999999994,
    "Exp006": -0.34500000000000003,
    "Exp007": -0.34199999999999997,
    "Exp008": -0.29500000000000004
  }
}