{
  "final_accuracy": 0.3105,
  "per_experience_accuracy": {
    "Exp000": 0.254,
    "Exp001": 0.232,
    "Exp002": 0.279,
    "Exp003": 0.188,
    "Exp004": 0.276,
    "Exp005": 0.246,
    "Exp006": 0.304,
    "Exp007": 0.266,
    "Exp008": 0.384,
    "Exp009": 0.676
  },
  "forgetting": {
    "Exp000": 0.493,
    "Exp001": 0.40800000000000003,
    "Exp002": 0.42199999999999993,
    "Exp003": 0.504,
    "Exp004": 0.395,
    "Exp005": 0.43700000000000006,
    "Exp006": 0.39999999999999997,
    "Exp007": 0.363,
    "Exp008": 0.30300000000000005
  },
  "bwt": {
    "Exp000": -0.493,
    "Exp001": -0.40800000000000003,
    "Exp002": -0.42199999999999993,
    "Exp003": -0.504,
    "Exp004": -0.395,
    "Exp005": -0.43700000000000006,
    "Exp006": -0.39999999999999997,
    "Exp007": -0.363,
    "Exp008": -0.30300000000000005
  }
}