{
  "final_accuracy": 0.1265,
  "per_experience_accuracy": {
    "Exp000": 0.006,
    "Exp001": 0.003,
    "Exp002": 0.012,
    "Exp003": 0.002,
    "Exp004": 0.056,
    "Exp005": 0.027,
    "Exp006": 0.078,
    "Exp007": 0.118,
    "Exp008": 0.26,
    "Exp009": 0.703
  },
  "forgetting": {
    "Exp000": 0.738,
    "Exp001": 0.208,
    "Exp002": 0.46599999999999997,
    "Exp003": 0.429,
    "Exp004": 0.5219999999999999,
    "Exp005": 0.589,
    "Exp006": 0.537,
    "Exp007": 0.482,
    "Exp008": 0.355
  },
  "bwt": {
    "Exp000": -0.738,
    "Exp001": -0.208,
    "Exp002": -0.46599999999999997,
    "Exp003": -0.429,
    "Exp004": -0.5219999999999999,
    "Exp005": -0.589,
    "Exp006": -0.537,
    "Exp007": -0.482,
    "Exp008": -0.355
  }
}