{
  "final_accuracy": 0.1208,
  "per_experience_accuracy": {
    "Exp000": 0.0,
    "Exp001": 0.0,
    "Exp002": 0.007,
    "Exp003": 0.007,
    "Exp004": 0.015,
    "Exp005": 0.022,
    "Exp006": 0.07,
    "Exp007": 0.153,
    "Exp008": 0.235,
    "Exp009": 0.699
  },
  "forgetting": {
    "Exp000": 0.728,
    "Exp001": 0.313,
    "Exp002": 0.46199999999999997,
    "Exp003": 0.442,
    "Exp004": 0.565,
    "Exp005": 0.605,
    "Exp006": 0.524,
    "Exp007": 0.47,
    "Exp008": 0.392
  },
  "bwt": {
    "Exp000": -0.728,
    "Exp001": -0.313,
    "Exp002": -0.46199999999999997,
    "Exp003": -0.442,
    "Exp004": -0.565,
    "Exp005": -0.605,
    "Exp006": -0.524,
    "Exp007": -0.47,
    "Exp008": -0.392
  }
}