{
  "final_accuracy": 0.1141,
  "per_experience_accuracy": {
    "Exp000": 0.0,
    "Exp001": 0.0,
    "Exp002": 0.0,
    "Exp003": 0.001,
    "Exp004": 0.003,
    "Exp005": 0.003,
    "Exp006": 0.055,
    "Exp007": 0.115,
    "Exp008": 0.272,
    "Exp009": 0.692
  },
  "forgetting": {
    "Exp000": 0.747,
    "Exp001": 0.27,
    "Exp002": 0.444,
    "Exp003": 0.438,
    "Exp004": 0.556,
    "Exp005": 0.495,
    "Exp006": 0.5379999999999999,
    "Exp007": 0.47,
    "Exp008": 0.31999999999999995
  },
  "bwt": {
    "Exp000": -0.747,
    "Exp001": -0.27,
    "Exp002": -0.444,
    "Exp003": -0.438,
    "Exp004": -0.556,
    "Exp005": -0.495,
    "Exp006": -0.5379999999999999,
    "Exp007": -0.47,
    "Exp008": -0.31999999999999995
  }
}