{
  "final_accuracy": 0.1156,
  "per_experience_accuracy": {
    "Exp000": 0.001,
    "Exp001": 0.0,
    "Exp002": 0.0,
    "Exp003": 0.004,
    "Exp004": 0.003,
    "Exp005": 0.012,
    "Exp006": 0.072,
    "Exp007": 0.132,
    "Exp008": 0.233,
    "Exp009": 0.699
  },
  "forgetting": {
    "Exp000": 0.742,
    "Exp001": 0.239,
    "Exp002": 0.42,
    "Exp003": 0.508,
    "Exp004": 0.512,
    "Exp005": 0.5589999999999999,
    "Exp006": 0.553,
    "Exp007": 0.48,
    "Exp008": 0.367
  },
  "bwt": {
    "Exp000": -0.742,
    "Exp001": -0.239,
    "Exp002": -0.42,
    "Exp003": -0.508,
    "Exp004": -0.512,
    "Exp005": -0.5589999999999999,
    "Exp006": -0.553,
    "Exp007": -0.48,
    "Exp008": -0.367
  }
}