{
  "final_accuracy": 0.1312,
  "per_experience_accuracy": {
    "Exp000": 0.003,
    "Exp001": 0.001,
    "Exp002": 0.002,
    "Exp003": 0.01,
    "Exp004": 0.019,
    "Exp005": 0.018,
    "Exp006": 0.082,
    "Exp007": 0.179,
    "Exp008": 0.337,
    "Exp009": 0.661
  },
  "forgetting": {
    "Exp000": 0.74,
    "Exp001": 0.279,
    "Exp002": 0.427,
    "Exp003": 0.46799999999999997,
    "Exp004": 0.5529999999999999,
    "Exp005": 0.596,
    "Exp006": 0.49199999999999994,
    "Exp007": 0.413,
    "Exp008": 0.315
  },
  "bwt": {
    "Exp000": -0.74,
    "Exp001": -0.279,
    "Exp002": -0.427,
    "Exp003": -0.46799999999999997,
    "Exp004": -0.5529999999999999,
    "Exp005": -0.596,
    "Exp006": -0.49199999999999994,
    "Exp007": -0.413,
    "Exp008": -0.315
  }
}