{
  "final_accuracy": 0.1236,
  "per_experience_accuracy": {
    "Exp000": 0.003,
    "Exp001": 0.0,
    "Exp002": 0.002,
    "Exp003": 0.001,
    "Exp004": 0.014,
    "Exp005": 0.012,
    "Exp006": 0.077,
    "Exp007": 0.15,
    "Exp008": 0.334,
    "Exp009": 0.643
  },
  "forgetting": {
    "Exp000": 0.698,
    "Exp001": 0.274,
    "Exp002": 0.454,
    "Exp003": 0.321,
    "Exp004": 0.582,
    "Exp005": 0.583,
    "Exp006": 0.548,
    "Exp007": 0.41100000000000003,
    "Exp008": 0.309
  },
  "bwt": {
    "Exp000": -0.698,
    "Exp001": -0.274,
    "Exp002": -0.454,
    "Exp003": -0.321,
    "Exp004": -0.582,
    "Exp005": -0.583,
    "Exp006": -0.548,
    "Exp007": -0.41100000000000003,
    "Exp008": -0.309
  }
}