{
  "final_accuracy": 0.1284,
  "per_experience_accuracy": {
    "Exp000": 0.008,
    "Exp001": 0.003,
    "Exp002": 0.012,
    "Exp003": 0.004,
    "Exp004": 0.019,
    "Exp005": 0.023,
    "Exp006": 0.098,
    "Exp007": 0.141,
    "Exp008": 0.338,
    "Exp009": 0.638
  },
  "forgetting": {
    "Exp000": 0.715,
    "Exp001": 0.221,
    "Exp002": 0.40299999999999997,
    "Exp003": 0.449,
    "Exp004": 0.596,
    "Exp005": 0.5509999999999999,
    "Exp006": 0.532,
    "Exp007": 0.485,
    "Exp008": 0.282
  },
  "bwt": {
    "Exp000": -0.715,
    "Exp001": -0.221,
    "Exp002": -0.40299999999999997,
    "Exp003": -0.449,
    "Exp004": -0.596,
    "Exp005": -0.5509999999999999,
    "Exp006": -0.532,
    "Exp007": -0.485,
    "Exp008": -0.282
  }
}