{
  "final_accuracy": 0.3323,
  "per_experience_accuracy": {
    "Exp000": 0.289,
    "Exp001": 0.204,
    "Exp002": 0.309,
    "Exp003": 0.213,
    "Exp004": 0.243,
    "Exp005": 0.319,
    "Exp006": 0.354,
    "Exp007": 0.317,
    "Exp008": 0.384,
    "Exp009": 0.691
  },
  "forgetting": {
    "Exp000": 0.506,
    "Exp001": 0.495,
    "Exp002": 0.429,
    "Exp003": 0.44700000000000006,
    "Exp004": 0.44400000000000006,
    "Exp005": 0.35900000000000004,
    "Exp006": 0.32500000000000007,
    "Exp007": 0.303,
    "Exp008": 0.268
  },
  "bwt": {
    "Exp000": -0.506,
    "Exp001": -0.495,
    "Exp002": -0.429,
    "Exp003": -0.44700000000000006,
    "Exp004": -0.44400000000000006,
    "Exp005": -0.35900000000000004,
    "Exp006": -0.32500000000000007,
    "Exp007": -0.303,
    "Exp008": -0.268
  }
}