{
  "final_accuracy": 0.3362,
  "per_experience_accuracy": {
    "Exp000": 0.245,
    "Exp001": 0.229,
    "Exp002": 0.327,
    "Exp003": 0.197,
    "Exp004": 0.273,
    "Exp005": 0.35,
    "Exp006": 0.339,
    "Exp007": 0.326,
    "Exp008": 0.394,
    "Exp009": 0.682
  },
  "forgetting": {
    "Exp000": 0.538,
    "Exp001": 0.492,
    "Exp002": 0.39699999999999996,
    "Exp003": 0.49000000000000005,
    "Exp004": 0.405,
    "Exp005": 0.32400000000000007,
    "Exp006": 0.321,
    "Exp007": 0.323,
    "Exp008": 0.261
  },
  "bwt": {
    "Exp000": -0.538,
    "Exp001": -0.492,
    "Exp002": -0.39699999999999996,
    "Exp003": -0.49000000000000005,
    "Exp004": -0.405,
    "Exp005": -0.32400000000000007,
    "Exp006": -0.321,
    "Exp007": -0.323,
    "Exp008": -0.261
  }
}