{
  "final_accuracy": 0.3272,
  "per_experience_accuracy": {
    "Exp000": 0.276,
    "Exp001": 0.21,
    "Exp002": 0.325,
    "Exp003": 0.215,
    "Exp004": 0.274,
    "Exp005": 0.306,
    "Exp006": 0.324,
    "Exp007": 0.309,
    "Exp008": 0.387,
    "Exp009": 0.646
  },
  "forgetting": {
    "Exp000": 0.511,
    "Exp001": 0.503,
    "Exp002": 0.38699999999999996,
    "Exp003": 0.45500000000000007,
    "Exp004": 0.42399999999999993,
    "Exp005": 0.39599999999999996,
    "Exp006": 0.34400000000000003,
    "Exp007": 0.307,
    "Exp008": 0.266
  },
  "bwt": {
    "Exp000": -0.511,
    "Exp001": -0.503,
    "Exp002": -0.38699999999999996,
    "Exp003": -0.45500000000000007,
    "Exp004": -0.42399999999999993,
    "Exp005": -0.39599999999999996,
    "Exp006": -0.34400000000000003,
    "Exp007": -0.307,
    "Exp008": -0.266
  }
}