{
  "final_accuracy": 0.3326,
  "per_experience_accuracy": {
    "Exp000": 0.256,
    "Exp001": 0.269,
    "Exp002": 0.324,
    "Exp003": 0.199,
    "Exp004": 0.255,
    "Exp005": 0.335,
    "Exp006": 0.355,
    "Exp007": 0.278,
    "Exp008": 0.377,
    "Exp009": 0.678
  },
  "forgetting": {
    "Exp000": 0.517,
    "Exp001": 0.44599999999999995,
    "Exp002": 0.39299999999999996,
    "Exp003": 0.441,
    "Exp004": 0.42200000000000004,
    "Exp005": 0.34900000000000003,
    "Exp006": 0.30600000000000005,
    "Exp007": 0.348,
    "Exp008": 0.266
  },
  "bwt": {
    "Exp000": -0.517,
    "Exp001": -0.44599999999999995,
    "Exp002": -0.39299999999999996,
    "Exp003": -0.441,
    "Exp004": -0.42200000000000004,
    "Exp005": -0.34900000000000003,
    "Exp006": -0.30600000000000005,
    "Exp007": -0.348,
    "Exp008": -0.266
  }
}