{
  "final_accuracy": 0.3311,
  "per_experience_accuracy": {
    "Exp000": 0.251,
    "Exp001": 0.226,
    "Exp002": 0.338,
    "Exp003": 0.185,
    "Exp004": 0.263,
    "Exp005": 0.334,
    "Exp006": 0.338,
    "Exp007": 0.306,
    "Exp008": 0.416,
    "Exp009": 0.654
  },
  "forgetting": {
    "Exp000": 0.545,
    "Exp001": 0.472,
    "Exp002": 0.3549999999999999,
    "Exp003": 0.48000000000000004,
    "Exp004": 0.40700000000000003,
    "Exp005": 0.36999999999999994,
    "Exp006": 0.333,
    "Exp007": 0.305,
    "Exp008": 0.24000000000000005
  },
  "bwt": {
    "Exp000": -0.545,
    "Exp001": -0.472,
    "Exp002": -0.3549999999999999,
    "Exp003": -0.48000000000000004,
    "Exp004": -0.40700000000000003,
    "Exp005": -0.36999999999999994,
    "Exp006": -0.333,
    "Exp007": -0.305,
    "Exp008": -0.24000000000000005
  }
}