{
  "final_accuracy": 0.3321,
  "per_experience_accuracy": {
    "Exp000": 0.252,
    "Exp001": 0.223,
    "Exp002": 0.305,
    "Exp003": 0.185,
    "Exp004": 0.309,
    "Exp005": 0.329,
    "Exp006": 0.341,
    "Exp007": 0.301,
    "Exp008": 0.404,
    "Exp009": 0.672
  },
  "forgetting": {
    "Exp000": 0.55,
    "Exp001": 0.45600000000000007,
    "Exp002": 0.416,
    "Exp003": 0.47000000000000003,
    "Exp004": 0.39699999999999996,
    "Exp005": 0.38299999999999995,
    "Exp006": 0.318,
    "Exp007": 0.312,
    "Exp008": 0.237
  },
  "bwt": {
    "Exp000": -0.55,
    "Exp001": -0.45600000000000007,
    "Exp002": -0.416,
    "Exp003": -0.47000000000000003,
    "Exp004": -0.39699999999999996,
    "Exp005": -0.38299999999999995,
    "Exp006": -0.318,
    "Exp007": -0.312,
    "Exp008": -0.237
  }
}