{
  "final_accuracy": 0.3378,
  "per_experience_accuracy": {
    "Exp000": 0.257,
    "Exp001": 0.236,
    "Exp002": 0.315,
    "Exp003": 0.215,
    "Exp004": 0.301,
    "Exp005": 0.319,
    "Exp006": 0.384,
    "Exp007": 0.302,
    "Exp008": 0.397,
    "Exp009": 0.652
  },
  "forgetting": {
    "Exp000": 0.53,
    "Exp001": 0.472,
    "Exp002": 0.43,
    "Exp003": 0.4600000000000001,
    "Exp004": 0.39199999999999996,
    "Exp005": 0.36200000000000004,
    "Exp006": 0.30399999999999994,
    "Exp007": 0.319,
    "Exp008": 0.257
  },
  "bwt": {
    "Exp000": -0.53,
    "Exp001": -0.472,
    "Exp002": -0.43,
    "Exp003": -0.4600000000000001,
    "Exp004": -0.39199999999999996,
    "Exp005": -0.36200000000000004,
    "Exp006": -0.30399999999999994,
    "Exp007": -0.319,
    "Exp008": -0.257
  }
}