{
  "final_accuracy": 0.3325,
  "per_experience_accuracy": {
    "Exp000": 0.235,
    "Exp001": 0.216,
    "Exp002": 0.356,
    "Exp003": 0.214,
    "Exp004": 0.295,
    "Exp005": 0.342,
    "Exp006": 0.295,
    "Exp007": 0.323,
    "Exp008": 0.381,
    "Exp009": 0.668
  },
  "forgetting": {
    "Exp000": 0.553,
    "Exp001": 0.494,
    "Exp002": 0.35,
    "Exp003": 0.44200000000000006,
    "Exp004": 0.37700000000000006,
    "Exp005": 0.3469999999999999,
    "Exp006": 0.37200000000000005,
    "Exp007": 0.304,
    "Exp008": 0.253
  },
  "bwt": {
    "Exp000": -0.553,
    "Exp001": -0.494,
    "Exp002": -0.35,
    "Exp003": -0.44200000000000006,
    "Exp004": -0.37700000000000006,
    "Exp005": -0.3469999999999999,
    "Exp006": -0.37200000000000005,
    "Exp007": -0.304,
    "Exp008": -0.253
  }
}