{
  "final_accuracy": 0.328,
  "per_experience_accuracy": {
    "Exp000": 0.266,
    "Exp001": 0.218,
    "Exp002": 0.31,
    "Exp003": 0.202,
    "Exp004": 0.28,
    "Exp005": 0.298,
    "Exp006": 0.337,
    "Exp007": 0.305,
    "Exp008": 0.403,
    "Exp009": 0.661
  },
  "forgetting": {
    "Exp000": 0.523,
    "Exp001": 0.496,
    "Exp002": 0.414,
    "Exp003": 0.463,
    "Exp004": 0.393,
    "Exp005": 0.38200000000000006,
    "Exp006": 0.338,
    "Exp007": 0.315,
    "Exp008": 0.274
  },
  "bwt": {
    "Exp000": -0.523,
    "Exp001": -0.496,
    "Exp002": -0.414,
    "Exp003": -0.463,
    "Exp004": -0.393,
    "Exp005": -0.38200000000000006,
    "Exp006": -0.338,
    "Exp007": -0.315,
    "Exp008": -0.274
  }
}