{
  "final_accuracy": 0.3385,
  "per_experience_accuracy": {
    "Exp000": 0.24,
    "Exp001": 0.239,
    "Exp002": 0.334,
    "Exp003": 0.224,
    "Exp004": 0.245,
    "Exp005": 0.35,
    "Exp006": 0.341,
    "Exp007": 0.325,
    "Exp008": 0.434,
    "Exp009": 0.653
  },
  "forgetting": {
    "Exp000": 0.537,
    "Exp001": 0.469,
    "Exp002": 0.40499999999999997,
    "Exp003": 0.42800000000000005,
    "Exp004": 0.45199999999999996,
    "Exp005": 0.36,
    "Exp006": 0.321,
    "Exp007": 0.288,
    "Exp008": 0.21300000000000002
  },
  "bwt": {
    "Exp000": -0.537,
    "Exp001": -0.469,
    "Exp002": -0.40499999999999997,
    "Exp003": -0.42800000000000005,
    "Exp004": -0.45199999999999996,
    "Exp005": -0.36,
    "Exp006": -0.321,
    "Exp007": -0.288,
    "Exp008": -0.21300000000000002
  }
}