{
  "final_accuracy": 0.8173,
  "per_experience_accuracy": {
    "Exp000": 0.8666666666666667,
    "Exp001": 0.7727717923604309,
    "Exp002": 0.6878335112059765,
    "Exp003": 0.7935548841893253,
    "Exp004": 0.956631366616238
  },
  "forgetting": {
    "Exp000": 0.13238770685579193,
    "Exp001": 0.22086190009794326,
    "Exp002": 0.27748132337246534,
    "Exp003": 0.16817724068479356
  },
  "bwt": {
    "Exp000": -0.13238770685579193,
    "Exp001": -0.22086190009794326,
    "Exp002": -0.27748132337246534,
    "Exp003": -0.16817724068479356
  }
}