{
  "final_accuracy": 0.1855,
  "per_experience_accuracy": {
    "Exp000": 0.0,
    "Exp001": 0.0,
    "Exp002": 0.0,
    "Exp003": 0.0,
    "Exp004": 0.935451336359052
  },
  "forgetting": {
    "Exp000": 0.9995271867612293,
    "Exp001": 0.8756121449559255,
    "Exp002": 0.935965848452508,
    "Exp003": 0.9788519637462235
  },
  "bwt": {
    "Exp000": -0.9995271867612293,
    "Exp001": -0.8756121449559255,
    "Exp002": -0.935965848452508,
    "Exp003": -0.9788519637462235
  }
}