{
  "final_accuracy": 0.3632,
  "per_experience_accuracy": {
    "Exp000": 0.3796690307328605,
    "Exp001": 0.01665034280117532,
    "Exp002": 0.2097118463180363,
    "Exp003": 0.2175226586102719,
    "Exp004": 0.9934442763489663
  },
  "forgetting": {
    "Exp000": 0.6198581560283688,
    "Exp001": 0.9764936336924585,
    "Exp002": 0.7876200640341515,
    "Exp003": 0.7814702920443102
  },
  "bwt": {
    "Exp000": -0.6198581560283688,
    "Exp001": -0.9764936336924585,
    "Exp002": -0.7876200640341515,
    "Exp003": -0.7814702920443102
  }
}