{
  "final_accuracy": 0.3097,
  "per_experience_accuracy": {
    "Exp000": 0.2591016548463357,
    "Exp001": 0.058765915768854066,
    "Exp002": 0.03628601921024546,
    "Exp003": 0.23413897280966767,
    "Exp004": 0.9561270801815431
  },
  "forgetting": {
    "Exp000": 0.7361702127659575,
    "Exp001": 0.030852105778648387,
    "Exp002": 0.272145144076841,
    "Exp003": 0.5720040281973817
  },
  "bwt": {
    "Exp000": -0.7361702127659575,
    "Exp001": -0.030852105778648387,
    "Exp002": -0.272145144076841,
    "Exp003": -0.5720040281973817
  }
}