{
  "final_accuracy": 0.2062,
  "per_experience_accuracy": {
    "Exp000": 0.0,
    "Exp001": 0.0,
    "Exp002": 0.0,
    "Exp003": 0.07653575025176233,
    "Exp004": 0.9631870902672718
  },
  "forgetting": {
    "Exp000": 0.9957446808510638,
    "Exp001": 0.9534769833496572,
    "Exp002": 0.9967982924226254,
    "Exp003": 0.9219536757301108
  },
  "bwt": {
    "Exp000": -0.9957446808510638,
    "Exp001": -0.9534769833496572,
    "Exp002": -0.9967982924226254,
    "Exp003": -0.9219536757301108
  }
}