{
  "final_accuracy": 0.8004,
  "per_experience_accuracy": {
    "Exp000": 0.8775413711583925,
    "Exp001": 0.781586679725759,
    "Exp002": 0.6019210245464247,
    "Exp003": 0.7990936555891238,
    "Exp004": 0.9263741805345436
  },
  "forgetting": {
    "Exp000": 0.12198581560283683,
    "Exp001": 0.20372184133202742,
    "Exp002": 0.3954108858057631,
    "Exp003": 0.07099697885196377
  },
  "bwt": {
    "Exp000": -0.12198581560283683,
    "Exp001": -0.20372184133202742,
    "Exp002": -0.3954108858057631,
    "Exp003": -0.07099697885196377
  }
}