{
  "final_accuracy": 0.1457,
  "per_experience_accuracy": {
    "Exp000": 0.0,
    "Exp001": 0.0,
    "Exp002": 0.0,
    "Exp003": 0.0,
    "Exp004": 0.734745335350479
  },
  "forgetting": {
    "Exp000": 0.9995271867612293,
    "Exp001": 0.6596474045053868,
    "Exp002": 0.6136606189967982,
    "Exp003": 0.6732124874118832
  },
  "bwt": {
    "Exp000": -0.9995271867612293,
    "Exp001": -0.6596474045053868,
    "Exp002": -0.6136606189967982,
    "Exp003": -0.6732124874118832
  }
}