{
  "final_accuracy": 0.1772,
  "per_experience_accuracy": {
    "Exp000": 0.0,
    "Exp001": 0.0,
    "Exp002": 0.0,
    "Exp003": 0.0,
    "Exp004": 0.8935955622793746
  },
  "forgetting": {
    "Exp000": 0.9995271867612293,
    "Exp001": 0.8775710088148874,
    "Exp002": 0.927427961579509,
    "Exp003": 0.9360523665659617
  },
  "bwt": {
    "Exp000": -0.9995271867612293,
    "Exp001": -0.8775710088148874,
    "Exp002": -0.927427961579509,
    "Exp003": -0.9360523665659617
  }
}