{
  "final_accuracy": 0.2156,
  "per_experience_accuracy": {
    "Exp000": 0.0,
    "Exp001": 0.0,
    "Exp002": 0.0,
    "Exp003": 0.15508559919436052,
    "Exp004": 0.9319213313161876
  },
  "forgetting": {
    "Exp000": 0.9995271867612293,
    "Exp001": 0.861900097943193,
    "Exp002": 0.9268943436499466,
    "Exp003": 0.82527693856999
  },
  "bwt": {
    "Exp000": -0.9995271867612293,
    "Exp001": -0.861900097943193,
    "Exp002": -0.9268943436499466,
    "Exp003": -0.82527693856999
  }
}