{
  "final_accuracy": 0.4582,
  "per_experience_accuracy": {
    "Exp000": 0.7163120567375887,
    "Exp001": 0.014691478942213516,
    "Exp002": 0.24599786552828176,
    "Exp003": 0.3464249748237664,
    "Exp004": 0.9520927887039838
  },
  "forgetting": {
    "Exp000": 0.28274231678486994,
    "Exp001": 0.003428011753183153,
    "Exp002": 0.1040554962646745,
    "Exp003": 0.5709969788519638
  },
  "bwt": {
    "Exp000": -0.28274231678486994,
    "Exp001": -0.003428011753183153,
    "Exp002": -0.1040554962646745,
    "Exp003": -0.5709969788519638
  }
}