{
  "final_accuracy": 0.195,
  "per_experience_accuracy": {
    "Exp000": 0.0,
    "Exp001": 0.0,
    "Exp002": 0.0005336179295624333,
    "Exp003": 0.0,
    "Exp004": 0.9828542612203732
  },
  "forgetting": {
    "Exp000": 0.9962174940898345,
    "Exp001": 0.9833496571988247,
    "Exp002": 0.9946638207043756,
    "Exp003": 0.9959718026183283
  },
  "bwt": {
    "Exp000": -0.9962174940898345,
    "Exp001": -0.9833496571988247,
    "Exp002": -0.9946638207043756,
    "Exp003": -0.9959718026183283
  }
}