{
  "final_accuracy": 0.4431,
  "per_experience_accuracy": {
    "Exp000": 0.5304964539007092,
    "Exp001": 0.03819784524975514,
    "Exp002": 0.29722518676627535,
    "Exp003": 0.37865055387714,
    "Exp004": 0.9692385274836107
  },
  "forgetting": {
    "Exp000": 0.46713947990543736,
    "Exp001": -0.0034280117531831564,
    "Exp002": 0.12326574172892207,
    "Exp003": 0.5448136958710977
  },
  "bwt": {
    "Exp000": -0.46713947990543736,
    "Exp001": 0.0034280117531831564,
    "Exp002": -0.12326574172892207,
    "Exp003": -0.5448136958710977
  }
}