{
  "final_accuracy": 0.2009,
  "per_experience_accuracy": {
    "Exp000": 0.0,
    "Exp001": 0.0,
    "Exp002": 0.0,
    "Exp003": 0.02920443101711984,
    "Exp004": 0.9838628340897629
  },
  "forgetting": {
    "Exp000": 0.9981087470449173,
    "Exp001": 0.9857982370225269,
    "Exp002": 0.9983991462113126,
    "Exp003": 0.9667673716012084
  },
  "bwt": {
    "Exp000": -0.9981087470449173,
    "Exp001": -0.9857982370225269,
    "Exp002": -0.9983991462113126,
    "Exp003": -0.9667673716012084
  }
}