{
  "final_accuracy": 0.3527,
  "per_experience_accuracy": {
    "Exp000": 0.37163120567375885,
    "Exp001": 0.05239960822722821,
    "Exp002": 0.28121664887940234,
    "Exp003": 0.1339375629405841,
    "Exp004": 0.9283913262733232
  },
  "forgetting": {
    "Exp000": 0.6274231678486998,
    "Exp001": -0.0416258570029383,
    "Exp002": 0.1680896478121665,
    "Exp003": 0.5156092648539778
  },
  "bwt": {
    "Exp000": -0.6274231678486998,
    "Exp001": 0.0416258570029383,
    "Exp002": -0.1680896478121665,
    "Exp003": -0.5156092648539778
  }
}