{
  "final_accuracy": 0.4555,
  "per_experience_accuracy": {
    "Exp000": 0.6756501182033097,
    "Exp001": 0.10381978452497552,
    "Exp002": 0.22572038420490928,
    "Exp003": 0.29506545820745217,
    "Exp004": 0.9606656580937972
  },
  "forgetting": {
    "Exp000": 0.32387706855791965,
    "Exp001": -0.07590597453476984,
    "Exp002": 0.08217716115261472,
    "Exp003": 0.5820745216515608
  },
  "bwt": {
    "Exp000": -0.32387706855791965,
    "Exp001": 0.07590597453476984,
    "Exp002": -0.08217716115261472,
    "Exp003": -0.5820745216515608
  }
}