{
  "final_accuracy": 0.2524,
  "per_experience_accuracy": {
    "Exp000": 0.10449172576832151,
    "Exp001": 0.004897159647404506,
    "Exp002": 0.010138740661686232,
    "Exp003": 0.1661631419939577,
    "Exp004": 0.9803328290468987
  },
  "forgetting": {
    "Exp000": 0.867612293144208,
    "Exp001": 0.4079333986287953,
    "Exp002": 0.9823906083244397,
    "Exp003": 0.8318227593152066
  },
  "bwt": {
    "Exp000": -0.867612293144208,
    "Exp001": -0.4079333986287953,
    "Exp002": -0.9823906083244397,
    "Exp003": -0.8318227593152066
  }
}