{
  "final_accuracy": 0.1955,
  "per_experience_accuracy": {
    "Exp000": 0.0,
    "Exp001": 0.0,
    "Exp002": 0.0,
    "Exp003": 0.0,
    "Exp004": 0.9858799798285426
  },
  "forgetting": {
    "Exp000": 0.9990543735224586,
    "Exp001": 0.954456415279138,
    "Exp002": 0.9541088580576307,
    "Exp003": 0.9944612286002014
  },
  "bwt": {
    "Exp000": -0.9990543735224586,
    "Exp001": -0.954456415279138,
    "Exp002": -0.9541088580576307,
    "Exp003": -0.9944612286002014
  }
}