{
  "final_accuracy": 0.839,
  "per_experience_accuracy": {
    "Exp000": 0.9328605200945627,
    "Exp001": 0.786973555337904,
    "Exp002": 0.7001067235859125,
    "Exp003": 0.8162134944612286,
    "Exp004": 0.9465456379223399
  },
  "forgetting": {
    "Exp000": 0.06666666666666665,
    "Exp001": 0.1361410381978453,
    "Exp002": 0.2764140875133404,
    "Exp003": 0.11480362537764355
  },
  "bwt": {
    "Exp000": -0.06666666666666665,
    "Exp001": -0.1361410381978453,
    "Exp002": -0.2764140875133404,
    "Exp003": -0.11480362537764355
  }
}