{
  "final_accuracy": 0.101,
  "per_experience_accuracy": {
    "Exp000": 0.0,
    "Exp001": 0.0,
    "Exp002": 0.0005336179295624333,
    "Exp003": 0.0,
    "Exp004": 0.5088250126071608
  },
  "forgetting": {
    "Exp000": 0.7442080378250591,
    "Exp001": 0.4990205680705191,
    "Exp002": 0.4775880469583778,
    "Exp003": 0.5176233635448136
  },
  "bwt": {
    "Exp000": -0.7442080378250591,
    "Exp001": -0.4990205680705191,
    "Exp002": -0.4775880469583778,
    "Exp003": -0.5176233635448136
  }
}