{
  "final_accuracy": 0.4357,
  "per_experience_accuracy": {
    "Exp000": 0.5981087470449172,
    "Exp001": 0.05680705190989226,
    "Exp002": 0.14194236926360726,
    "Exp003": 0.38872104733131924,
    "Exp004": 0.9773071104387292
  },
  "forgetting": {
    "Exp000": 0.4014184397163121,
    "Exp001": -0.04897159647404505,
    "Exp002": 0.1558164354322305,
    "Exp003": 0.4778449144008056
  },
  "bwt": {
    "Exp000": -0.4014184397163121,
    "Exp001": 0.04897159647404505,
    "Exp002": -0.1558164354322305,
    "Exp003": -0.4778449144008056
  }
}