{
  "final_accuracy": 0.1009,
  "per_experience_accuracy": {
    "Exp000": 0.0,
    "Exp001": 0.0,
    "Exp002": 0.0,
    "Exp003": 0.0,
    "Exp004": 0.5088250126071608
  },
  "forgetting": {
    "Exp000": 0.9995271867612293,
    "Exp001": 0.9755142017629774,
    "Exp002": 0.9973319103521878,
    "Exp003": 0.40584088620342396
  },
  "bwt": {
    "Exp000": -0.9995271867612293,
    "Exp001": -0.9755142017629774,
    "Exp002": -0.9973319103521878,
    "Exp003": -0.40584088620342396
  }
}