{
  "final_accuracy": 0.1942,
  "per_experience_accuracy": {
    "Exp000": 0.0,
    "Exp001": 0.0,
    "Exp002": 0.0,
    "Exp003": 0.0,
    "Exp004": 0.9793242561775088
  },
  "forgetting": {
    "Exp000": 0.9990543735224586,
    "Exp001": 0.5053868756121449,
    "Exp002": 0.5240128068303095,
    "Exp003": 0.8459214501510574
  },
  "bwt": {
    "Exp000": -0.9990543735224586,
    "Exp001": -0.5053868756121449,
    "Exp002": -0.5240128068303095,
    "Exp003": -0.8459214501510574
  }
}