{
  "final_accuracy": 0.1916,
  "per_experience_accuracy": {
    "Exp000": 0.0,
    "Exp001": 0.0,
    "Exp002": 0.0021344717182497333,
    "Exp003": 0.0,
    "Exp004": 0.9641956631366616
  },
  "forgetting": {
    "Exp000": 0.933806146572104,
    "Exp001": 0.4960822722820764,
    "Exp002": 0.5683030949839915,
    "Exp003": 0.945619335347432
  },
  "bwt": {
    "Exp000": -0.933806146572104,
    "Exp001": -0.4960822722820764,
    "Exp002": -0.5683030949839915,
    "Exp003": -0.945619335347432
  }
}