{
  "final_accuracy": 0.2098,
  "per_experience_accuracy": {
    "Exp000": 0.011347517730496455,
    "Exp001": 0.02497551420176298,
    "Exp002": 0.015474919957310566,
    "Exp003": 0.08257804632426989,
    "Exp004": 0.9228441754916793
  },
  "forgetting": {
    "Exp000": 0.9877068557919622,
    "Exp001": 0.8765915768854065,
    "Exp002": 0.9135538954108858,
    "Exp003": 0.8741188318227593
  },
  "bwt": {
    "Exp000": -0.9877068557919622,
    "Exp001": -0.8765915768854065,
    "Exp002": -0.9135538954108858,
    "Exp003": -0.8741188318227593
  }
}