{
  "final_accuracy": 0.1993,
  "per_experience_accuracy": {
    "Exp000": 0.0,
    "Exp001": 0.0,
    "Exp002": 0.0,
    "Exp003": 0.07150050352467271,
    "Exp004": 0.9334341906202723
  },
  "forgetting": {
    "Exp000": 0.9990543735224586,
    "Exp001": 0.9128305582761999,
    "Exp002": 0.9487726787620064,
    "Exp003": 0.9018126888217523
  },
  "bwt": {
    "Exp000": -0.9990543735224586,
    "Exp001": -0.9128305582761999,
    "Exp002": -0.9487726787620064,
    "Exp003": -0.9018126888217523
  }
}