{
  "final_accuracy": 0.3067,
  "per_experience_accuracy": {
    "Exp000": 0.0,
    "Exp001": 0.03721841332027424,
    "Exp002": 0.0688367129135539,
    "Exp003": 0.5171198388721048,
    "Exp004": 0.9253656076651539
  },
  "forgetting": {
    "Exp000": 0.5366430260047281,
    "Exp001": 0.12340842311459353,
    "Exp002": 0.7449306296691569,
    "Exp003": 0.4687814702920443
  },
  "bwt": {
    "Exp000": -0.5366430260047281,
    "Exp001": -0.12340842311459353,
    "Exp002": -0.7449306296691569,
    "Exp003": -0.4687814702920443
  }
}