{
  "final_accuracy": 0.2006,
  "per_experience_accuracy": {
    "Exp000": 0.008983451536643027,
    "Exp001": 0.0,
    "Exp002": 0.0,
    "Exp003": 0.02014098690835851,
    "Exp004": 0.9818456883509834
  },
  "forgetting": {
    "Exp000": 0.9886524822695035,
    "Exp001": 0.9877571008814887,
    "Exp002": 0.9978655282817502,
    "Exp003": 0.9783484390735145
  },
  "bwt": {
    "Exp000": -0.9886524822695035,
    "Exp001": -0.9877571008814887,
    "Exp002": -0.9978655282817502,
    "Exp003": -0.9783484390735145
  }
}