{
  "final_accuracy": 0.1017,
  "per_experience_accuracy": {
    "Exp000": 0.0,
    "Exp001": 0.0,
    "Exp002": 0.0032017075773745998,
    "Exp003": 0.0025176233635448137,
    "Exp004": 0.5073121533030761
  },
  "forgetting": {
    "Exp000": 0.5366430260047281,
    "Exp001": 0.49461312438785504,
    "Exp002": 0.6504802561366062,
    "Exp003": 0.5196374622356495
  },
  "bwt": {
    "Exp000": -0.5366430260047281,
    "Exp001": -0.49461312438785504,
    "Exp002": -0.6504802561366062,
    "Exp003": -0.5196374622356495
  }
}