{
  "final_accuracy": 0.3868,
  "per_experience_accuracy": {
    "Exp000": 0.4033096926713948,
    "Exp001": 0.04064642507345739,
    "Exp002": 0.011739594450373533,
    "Exp003": 0.4813695871097684,
    "Exp004": 0.9853756933938477
  },
  "forgetting": {
    "Exp000": 0.5910165484633569,
    "Exp001": 0.9387855044074437,
    "Exp002": 0.9861259338313767,
    "Exp003": 0.5156092648539778
  },
  "bwt": {
    "Exp000": -0.5910165484633569,
    "Exp001": -0.9387855044074437,
    "Exp002": -0.9861259338313767,
    "Exp003": -0.5156092648539778
  }
}