{
  "final_accuracy": 0.2474,
  "per_experience_accuracy": {
    "Exp000": 0.4066193853427896,
    "Exp001": 0.0,
    "Exp002": 0.0021344717182497333,
    "Exp003": 0.0,
    "Exp004": 0.8119011598587998
  },
  "forgetting": {
    "Exp000": 0.5924349881796691,
    "Exp001": 0.9897159647404505,
    "Exp002": 0.5314834578441835,
    "Exp003": 0.4818731117824773
  },
  "bwt": {
    "Exp000": -0.5924349881796691,
    "Exp001": -0.9897159647404505,
    "Exp002": -0.5314834578441835,
    "Exp003": -0.4818731117824773
  }
}