{
  "final_accuracy": 0.2359,
  "per_experience_accuracy": {
    "Exp000": 0.11347517730496454,
    "Exp001": 0.0,
    "Exp002": 0.0,
    "Exp003": 0.13695871097683787,
    "Exp004": 0.9314170448814927
  },
  "forgetting": {
    "Exp000": 0.8860520094562647,
    "Exp001": 0.7806072477962782,
    "Exp002": 0.9343649946638207,
    "Exp003": 0.8413897280966768
  },
  "bwt": {
    "Exp000": -0.8860520094562647,
    "Exp001": -0.7806072477962782,
    "Exp002": -0.9343649946638207,
    "Exp003": -0.8413897280966768
  }
}