{
  "final_accuracy": 0.4229,
  "per_experience_accuracy": {
    "Exp000": 0.723404255319149,
    "Exp001": 0.0,
    "Exp002": 0.0,
    "Exp003": 0.3716012084592145,
    "Exp004": 0.988905698436712
  },
  "forgetting": {
    "Exp000": 0.27612293144208033,
    "Exp001": 0.9951028403525954,
    "Exp002": 0.9989327641408752,
    "Exp003": 0.6273917421953675
  },
  "bwt": {
    "Exp000": -0.27612293144208033,
    "Exp001": -0.9951028403525954,
    "Exp002": -0.9989327641408752,
    "Exp003": -0.6273917421953675
  }
}