{
  "final_accuracy": 0.2434,
  "per_experience_accuracy": {
    "Exp000": 0.0,
    "Exp001": 0.0,
    "Exp002": 0.0016008537886872999,
    "Exp003": 0.24471299093655588,
    "Exp004": 0.9808371154815936
  },
  "forgetting": {
    "Exp000": 0.9995271867612293,
    "Exp001": 0.9911851126346719,
    "Exp002": 0.9759871931696904,
    "Exp003": 0.7527693856998994
  },
  "bwt": {
    "Exp000": -0.9995271867612293,
    "Exp001": -0.9911851126346719,
    "Exp002": -0.9759871931696904,
    "Exp003": -0.7527693856998994
  }
}