{
  "final_accuracy": 0.17,
  "per_experience_accuracy": {
    "Exp000": 0.0,
    "Exp001": 0.0,
    "Exp002": 0.0010672358591248667,
    "Exp003": 0.0005035246727089627,
    "Exp004": 0.8557740796772567
  },
  "forgetting": {
    "Exp000": 0.09361702127659574,
    "Exp001": 0.5362389813907933,
    "Exp002": 0.8500533617929563,
    "Exp003": 0.8660624370594159
  },
  "bwt": {
    "Exp000": -0.09361702127659574,
    "Exp001": -0.5362389813907933,
    "Exp002": -0.8500533617929563,
    "Exp003": -0.8660624370594159
  }
}