{
  "final_accuracy": 0.7793,
  "per_experience_accuracy": {
    "Exp000": 0.8817966903073287,
    "Exp001": 0.7820763956904995,
    "Exp002": 0.47118463180362863,
    "Exp003": 0.8101711983887211,
    "Exp004": 0.9273827534039334
  },
  "forgetting": {
    "Exp000": 0.11725768321512997,
    "Exp001": -0.2879529872673849,
    "Exp002": 0.4850586979722518,
    "Exp003": -0.18982880161127902
  },
  "bwt": {
    "Exp000": -0.11725768321512997,
    "Exp001": 0.2879529872673849,
    "Exp002": -0.4850586979722518,
    "Exp003": 0.18982880161127902
  }
}