{
  "final_accuracy": 0.2754,
  "per_experience_accuracy": {
    "Exp000": 0.037825059101654845,
    "Exp001": 0.0014691478942213516,
    "Exp002": 0.029882604055496264,
    "Exp003": 0.3288016112789527,
    "Exp004": 0.989409984871407
  },
  "forgetting": {
    "Exp000": 0.9617021276595745,
    "Exp001": 0.9887365328109696,
    "Exp002": 0.9695837780149413,
    "Exp003": 0.6701913393756294
  },
  "bwt": {
    "Exp000": -0.9617021276595745,
    "Exp001": -0.9887365328109696,
    "Exp002": -0.9695837780149413,
    "Exp003": -0.6701913393756294
  }
}