{
  "final_accuracy": 0.4152,
  "per_experience_accuracy": {
    "Exp000": 0.5148936170212766,
    "Exp001": 0.20274240940254654,
    "Exp002": 0.02294557097118463,
    "Exp003": 0.3323262839879154,
    "Exp004": 0.9813414019162885
  },
  "forgetting": {
    "Exp000": 0.4695035460992908,
    "Exp001": 0.7825661116552399,
    "Exp002": 0.9759871931696905,
    "Exp003": 0.6651560926485398
  },
  "bwt": {
    "Exp000": -0.4695035460992908,
    "Exp001": -0.7825661116552399,
    "Exp002": -0.9759871931696905,
    "Exp003": -0.6651560926485398
  }
}