{
  "final_accuracy": 0.4265,
  "per_experience_accuracy": {
    "Exp000": 0.5853427895981087,
    "Exp001": 0.0039177277179236044,
    "Exp002": 0.23639274279615796,
    "Exp003": 0.3282980866062437,
    "Exp004": 0.9702471003530005
  },
  "forgetting": {
    "Exp000": 0.4137115839243499,
    "Exp001": 0.012242899118511261,
    "Exp002": 0.0805763073639274,
    "Exp003": 0.5921450151057401
  },
  "bwt": {
    "Exp000": -0.4137115839243499,
    "Exp001": -0.012242899118511261,
    "Exp002": -0.0805763073639274,
    "Exp003": -0.5921450151057401
  }
}