{
  "final_accuracy": 0.8517,
  "per_experience_accuracy": {
    "Exp000": 0.9144208037825059,
    "Exp001": 0.7874632713026445,
    "Exp002": 0.7182497331910352,
    "Exp003": 0.8665659617321249,
    "Exp004": 0.962178517397882
  },
  "forgetting": {
    "Exp000": 0.08463356973995273,
    "Exp001": 0.21008814887365324,
    "Exp002": 0.2561366061899679,
    "Exp003": 0.10422960725075525
  },
  "bwt": {
    "Exp000": -0.08463356973995273,
    "Exp001": -0.21008814887365324,
    "Exp002": -0.2561366061899679,
    "Exp003": -0.10422960725075525
  }
}