{
  "final_accuracy": 0.4339,
  "per_experience_accuracy": {
    "Exp000": 0.6846335697399527,
    "Exp001": 0.222820763956905,
    "Exp002": 0.0026680896478121665,
    "Exp003": 0.2326283987915408,
    "Exp004": 0.9929399899142713
  },
  "forgetting": {
    "Exp000": 0.3144208037825059,
    "Exp001": 0.7722820763956905,
    "Exp002": 0.9973319103521878,
    "Exp003": 0.7643504531722054
  },
  "bwt": {
    "Exp000": -0.3144208037825059,
    "Exp001": -0.7722820763956905,
    "Exp002": -0.9973319103521878,
    "Exp003": -0.7643504531722054
  }
}