{
  "final_accuracy": 0.8269,
  "per_experience_accuracy": {
    "Exp000": 0.9111111111111111,
    "Exp001": 0.7247796278158668,
    "Exp002": 0.7524012806830309,
    "Exp003": 0.7960725075528701,
    "Exp004": 0.9435199193141705
  },
  "forgetting": {
    "Exp000": 0.08510638297872342,
    "Exp001": 0.2257590597453477,
    "Exp002": 0.2267876200640342,
    "Exp003": 0.17019133937562947
  },
  "bwt": {
    "Exp000": -0.08510638297872342,
    "Exp001": -0.2257590597453477,
    "Exp002": -0.2267876200640342,
    "Exp003": -0.17019133937562947
  }
}