{
  "final_accuracy": 0.3091,
  "per_experience_accuracy": {
    "Exp000": 0.30307328605200945,
    "Exp001": 0.098922624877571,
    "Exp002": 0.3810032017075774,
    "Exp003": 0.029707955689828803,
    "Exp004": 0.7438224911749874
  },
  "forgetting": {
    "Exp000": 0.6964539007092199,
    "Exp001": 0.609696376101861,
    "Exp002": 0.2700106723585912,
    "Exp003": 0.8670694864048338
  },
  "bwt": {
    "Exp000": -0.6964539007092199,
    "Exp001": -0.609696376101861,
    "Exp002": -0.2700106723585912,
    "Exp003": -0.8670694864048338
  }
}