{
  "final_accuracy": 0.749,
  "per_experience_accuracy": {
    "Exp000": 0.8940898345153664,
    "Exp001": 0.6571988246816847,
    "Exp002": 0.45624332977588045,
    "Exp003": 0.7421953675730111,
    "Exp004": 0.9722642460917801
  },
  "forgetting": {
    "Exp000": 0.10543735224586293,
    "Exp001": 0.3300685602350636,
    "Exp002": 0.5410885805763074,
    "Exp003": 0.25478348439073517
  },
  "bwt": {
    "Exp000": -0.10543735224586293,
    "Exp001": -0.3300685602350636,
    "Exp002": -0.5410885805763074,
    "Exp003": -0.25478348439073517
  }
}