{
  "final_accuracy": 0.1886,
  "per_experience_accuracy": {
    "Exp000": 0.0,
    "Exp001": 0.0,
    "Exp002": 0.0,
    "Exp003": 0.0010070493454179255,
    "Exp004": 0.9500756429652042
  },
  "forgetting": {
    "Exp000": 0.9990543735224586,
    "Exp001": 0.9892262487757101,
    "Exp002": 0.4759871931696905,
    "Exp003": 0.9954682779456193
  },
  "bwt": {
    "Exp000": -0.9990543735224586,
    "Exp001": -0.9892262487757101,
    "Exp002": -0.4759871931696905,
    "Exp003": -0.9954682779456193
  }
}