{
  "final_accuracy": 0.1934,
  "per_experience_accuracy": {
    "Exp000": 0.0,
    "Exp001": 0.002448579823702253,
    "Exp002": 0.0,
    "Exp003": 0.0,
    "Exp004": 0.972768532526475
  },
  "forgetting": {
    "Exp000": 0.9995271867612293,
    "Exp001": 0.9867776689520078,
    "Exp002": 0.9967982924226254,
    "Exp003": 0.9869083585095669
  },
  "bwt": {
    "Exp000": -0.9995271867612293,
    "Exp001": -0.9867776689520078,
    "Exp002": -0.9967982924226254,
    "Exp003": -0.9869083585095669
  }
}