{
  "final_accuracy": 0.3345,
  "per_experience_accuracy": {
    "Exp000": 0.2765957446808511,
    "Exp001": 0.16405484818805094,
    "Exp002": 0.1520811099252935,
    "Exp003": 0.11832829808660625,
    "Exp004": 0.9606656580937972
  },
  "forgetting": {
    "Exp000": 0.7148936170212765,
    "Exp001": -0.11557296767874634,
    "Exp002": 0.47545357524012805,
    "Exp003": 0.8459214501510574
  },
  "bwt": {
    "Exp000": -0.7148936170212765,
    "Exp001": 0.11557296767874634,
    "Exp002": -0.47545357524012805,
    "Exp003": -0.8459214501510574
  }
}