{
  "final_accuracy": 0.1938,
  "per_experience_accuracy": {
    "Exp000": 0.03546099290780142,
    "Exp001": 0.0,
    "Exp002": 0.0,
    "Exp003": 0.0010070493454179255,
    "Exp004": 0.9384770549672213
  },
  "forgetting": {
    "Exp000": 0.9635933806146572,
    "Exp001": 0.8579823702252694,
    "Exp002": 0.9477054429028815,
    "Exp003": 0.9677744209466264
  },
  "bwt": {
    "Exp000": -0.9635933806146572,
    "Exp001": -0.8579823702252694,
    "Exp002": -0.9477054429028815,
    "Exp003": -0.9677744209466264
  }
}