{
  "final_accuracy": 0.4406,
  "per_experience_accuracy": {
    "Exp000": 0.49030732860520093,
    "Exp001": 0.019588638589618023,
    "Exp002": 0.22785485592315902,
    "Exp003": 0.5015105740181269,
    "Exp004": 0.9611699445284921
  },
  "forgetting": {
    "Exp000": 0.5087470449172578,
    "Exp001": -0.006366307541625859,
    "Exp002": 0.10352187833511206,
    "Exp003": 0.41238670694864044
  },
  "bwt": {
    "Exp000": -0.5087470449172578,
    "Exp001": 0.006366307541625859,
    "Exp002": -0.10352187833511206,
    "Exp003": -0.41238670694864044
  }
}