{
  "final_accuracy": 0.2959,
  "per_experience_accuracy": {
    "Exp000": 0.1895981087470449,
    "Exp001": 0.0,
    "Exp002": 0.0005336179295624333,
    "Exp003": 0.3066465256797583,
    "Exp004": 0.9823499747856783
  },
  "forgetting": {
    "Exp000": 0.8052009456264775,
    "Exp001": 0.9877571008814887,
    "Exp002": 0.9957310565635006,
    "Exp003": 0.690332326283988
  },
  "bwt": {
    "Exp000": -0.8052009456264775,
    "Exp001": -0.9877571008814887,
    "Exp002": -0.9957310565635006,
    "Exp003": -0.690332326283988
  }
}