{
  "final_accuracy": 0.1746,
  "per_experience_accuracy": {
    "Exp000": 0.0,
    "Exp001": 0.0,
    "Exp002": 0.0,
    "Exp003": 0.0,
    "Exp004": 0.8804841149773072
  },
  "forgetting": {
    "Exp000": 0.9976359338061466,
    "Exp001": 0.8447600391772772,
    "Exp002": 0.9290288153681964,
    "Exp003": 0.8892245720040282
  },
  "bwt": {
    "Exp000": -0.9976359338061466,
    "Exp001": -0.8447600391772772,
    "Exp002": -0.9290288153681964,
    "Exp003": -0.8892245720040282
  }
}