{
  "final_accuracy": 0.1287,
  "per_experience_accuracy": {
    "Exp000": 0.004,
    "Exp001": 0.001,
    "Exp002": 0.009,
    "Exp003": 0.007,
    "Exp004": 0.019,
    "Exp005": 0.03,
    "Exp006": 0.097,
    "Exp007": 0.132,
    "Exp008": 0.292,
    "Exp009": 0.696
  },
  "forgetting": {
    "Exp000": 0.679,
    "Exp001": 0.23399999999999999,
    "Exp002": 0.413,
    "Exp003": 0.541,
    "Exp004": 0.602,
    "Exp005": 0.531,
    "Exp006": 0.538,
    "Exp007": 0.46299999999999997,
    "Exp008": 0.37300000000000005
  },
  "bwt": {
    "Exp000": -0.679,
    "Exp001": -0.23399999999999999,
    "Exp002": -0.413,
    "Exp003": -0.541,
    "Exp004": -0.602,
    "Exp005": -0.531,
    "Exp006": -0.538,
    "Exp007": -0.46299999999999997,
    "Exp008": -0.37300000000000005
  }
}