{
  "final_accuracy": 0.1314,
  "per_experience_accuracy": {
    "Exp000": 0.003,
    "Exp001": 0.004,
    "Exp002": 0.006,
    "Exp003": 0.008,
    "Exp004": 0.018,
    "Exp005": 0.023,
    "Exp006": 0.079,
    "Exp007": 0.156,
    "Exp008": 0.301,
    "Exp009": 0.716
  },
  "forgetting": {
    "Exp000": 0.723,
    "Exp001": 0.303,
    "Exp002": 0.51,
    "Exp003": 0.546,
    "Exp004": 0.62,
    "Exp005": 0.609,
    "Exp006": 0.53,
    "Exp007": 0.45699999999999996,
    "Exp008": 0.37300000000000005
  },
  "bwt": {
    "Exp000": -0.723,
    "Exp001": -0.303,
    "Exp002": -0.51,
    "Exp003": -0.546,
    "Exp004": -0.62,
    "Exp005": -0.609,
    "Exp006": -0.53,
    "Exp007": -0.45699999999999996,
    "Exp008": -0.37300000000000005
  }
}