{
  "final_accuracy": 0.1192,
  "per_experience_accuracy": {
    "Exp000": 0.001,
    "Exp001": 0.0,
    "Exp002": 0.004,
    "Exp003": 0.001,
    "Exp004": 0.012,
    "Exp005": 0.011,
    "Exp006": 0.056,
    "Exp007": 0.137,
    "Exp008": 0.285,
    "Exp009": 0.685
  },
  "forgetting": {
    "Exp000": 0.75,
    "Exp001": 0.317,
    "Exp002": 0.452,
    "Exp003": 0.495,
    "Exp004": 0.6,
    "Exp005": 0.61,
    "Exp006": 0.574,
    "Exp007": 0.43699999999999994,
    "Exp008": 0.34900000000000003
  },
  "bwt": {
    "Exp000": -0.75,
    "Exp001": -0.317,
    "Exp002": -0.452,
    "Exp003": -0.495,
    "Exp004": -0.6,
    "Exp005": -0.61,
    "Exp006": -0.574,
    "Exp007": -0.43699999999999994,
    "Exp008": -0.34900000000000003
  }
}