{
  "final_accuracy": 0.1243,
  "per_experience_accuracy": {
    "Exp000": 0.003,
    "Exp001": 0.0,
    "Exp002": 0.001,
    "Exp003": 0.004,
    "Exp004": 0.01,
    "Exp005": 0.01,
    "Exp006": 0.092,
    "Exp007": 0.142,
    "Exp008": 0.316,
    "Exp009": 0.665
  },
  "forgetting": {
    "Exp000": 0.72,
    "Exp001": 0.258,
    "Exp002": 0.46799999999999997,
    "Exp003": 0.493,
    "Exp004": 0.626,
    "Exp005": 0.579,
    "Exp006": 0.533,
    "Exp007": 0.46399999999999997,
    "Exp008": 0.327
  },
  "bwt": {
    "Exp000": -0.72,
    "Exp001": -0.258,
    "Exp002": -0.46799999999999997,
    "Exp003": -0.493,
    "Exp004": -0.626,
    "Exp005": -0.579,
    "Exp006": -0.533,
    "Exp007": -0.46399999999999997,
    "Exp008": -0.327
  }
}