{
  "final_accuracy": 0.12,
  "per_experience_accuracy": {
    "Exp000": 0.0,
    "Exp001": 0.0,
    "Exp002": 0.001,
    "Exp003": 0.005,
    "Exp004": 0.004,
    "Exp005": 0.017,
    "Exp006": 0.067,
    "Exp007": 0.147,
    "Exp008": 0.276,
    "Exp009": 0.683
  },
  "forgetting": {
    "Exp000": 0.743,
    "Exp001": 0.299,
    "Exp002": 0.49,
    "Exp003": 0.491,
    "Exp004": 0.577,
    "Exp005": 0.61,
    "Exp006": 0.55,
    "Exp007": 0.45399999999999996,
    "Exp008": 0.35
  },
  "bwt": {
    "Exp000": -0.743,
    "Exp001": -0.299,
    "Exp002": -0.49,
    "Exp003": -0.491,
    "Exp004": -0.577,
    "Exp005": -0.61,
    "Exp006": -0.55,
    "Exp007": -0.45399999999999996,
    "Exp008": -0.35
  }
}