{
  "final_accuracy": 0.1277,
  "per_experience_accuracy": {
    "Exp000": 0.001,
    "Exp001": 0.0,
    "Exp002": 0.004,
    "Exp003": 0.002,
    "Exp004": 0.008,
    "Exp005": 0.021,
    "Exp006": 0.09,
    "Exp007": 0.146,
    "Exp008": 0.303,
    "Exp009": 0.702
  },
  "forgetting": {
    "Exp000": 0.728,
    "Exp001": 0.324,
    "Exp002": 0.516,
    "Exp003": 0.487,
    "Exp004": 0.611,
    "Exp005": 0.583,
    "Exp006": 0.553,
    "Exp007": 0.45899999999999996,
    "Exp008": 0.35000000000000003
  },
  "bwt": {
    "Exp000": -0.728,
    "Exp001": -0.324,
    "Exp002": -0.516,
    "Exp003": -0.487,
    "Exp004": -0.611,
    "Exp005": -0.583,
    "Exp006": -0.553,
    "Exp007": -0.45899999999999996,
    "Exp008": -0.35000000000000003
  }
}