{
  "final_accuracy": 0.1238,
  "per_experience_accuracy": {
    "Exp000": 0.0,
    "Exp001": 0.0,
    "Exp002": 0.005,
    "Exp003": 0.001,
    "Exp004": 0.008,
    "Exp005": 0.014,
    "Exp006": 0.062,
    "Exp007": 0.149,
    "Exp008": 0.311,
    "Exp009": 0.688
  },
  "forgetting": {
    "Exp000": 0.698,
    "Exp001": 0.314,
    "Exp002": 0.488,
    "Exp003": 0.493,
    "Exp004": 0.571,
    "Exp005": 0.596,
    "Exp006": 0.5509999999999999,
    "Exp007": 0.42599999999999993,
    "Exp008": 0.316
  },
  "bwt": {
    "Exp000": -0.698,
    "Exp001": -0.314,
    "Exp002": -0.488,
    "Exp003": -0.493,
    "Exp004": -0.571,
    "Exp005": -0.596,
    "Exp006": -0.5509999999999999,
    "Exp007": -0.42599999999999993,
    "Exp008": -0.316
  }
}