{
  "final_accuracy": 0.1243,
  "per_experience_accuracy": {
    "Exp000": 0.0,
    "Exp001": 0.001,
    "Exp002": 0.006,
    "Exp003": 0.001,
    "Exp004": 0.007,
    "Exp005": 0.016,
    "Exp006": 0.057,
    "Exp007": 0.169,
    "Exp008": 0.301,
    "Exp009": 0.685
  },
  "forgetting": {
    "Exp000": 0.729,
    "Exp001": 0.306,
    "Exp002": 0.485,
    "Exp003": 0.518,
    "Exp004": 0.597,
    "Exp005": 0.577,
    "Exp006": 0.57,
    "Exp007": 0.41999999999999993,
    "Exp008": 0.35400000000000004
  },
  "bwt": {
    "Exp000": -0.729,
    "Exp001": -0.306,
    "Exp002": -0.485,
    "Exp003": -0.518,
    "Exp004": -0.597,
    "Exp005": -0.577,
    "Exp006": -0.57,
    "Exp007": -0.41999999999999993,
    "Exp008": -0.35400000000000004
  }
}