{
  "final_accuracy": 0.1223,
  "per_experience_accuracy": {
    "Exp000": 0.021,
    "Exp001": 0.028,
    "Exp002": 0.067,
    "Exp003": 0.01,
    "Exp004": 0.043,
    "Exp005": 0.032,
    "Exp006": 0.13,
    "Exp007": 0.047,
    "Exp008": 0.003,
    "Exp009": 0.842
  },
  "forgetting": {
    "Exp000": 0.694,
    "Exp001": 0.6749999999999999,
    "Exp002": 0.6020000000000001,
    "Exp003": 0.77,
    "Exp004": 0.736,
    "Exp005": 0.771,
    "Exp006": 0.645,
    "Exp007": 0.715,
    "Exp008": 0.789
  },
  "bwt": {
    "Exp000": -0.694,
    "Exp001": -0.6749999999999999,
    "Exp002": -0.6020000000000001,
    "Exp003": -0.77,
    "Exp004": -0.736,
    "Exp005": -0.771,
    "Exp006": -0.645,
    "Exp007": -0.715,
    "Exp008": -0.789
  }
}