{
  "final_accuracy": 0.1559,
  "per_experience_accuracy": {
    "Exp000": 0.117,
    "Exp001": 0.062,
    "Exp002": 0.102,
    "Exp003": 0.041,
    "Exp004": 0.08,
    "Exp005": 0.056,
    "Exp006": 0.13,
    "Exp007": 0.089,
    "Exp008": 0.04,
    "Exp009": 0.842
  },
  "forgetting": {
    "Exp000": 0.641,
    "Exp001": 0.657,
    "Exp002": 0.6890000000000001,
    "Exp003": 0.702,
    "Exp004": 0.7000000000000001,
    "Exp005": 0.733,
    "Exp006": 0.658,
    "Exp007": 0.675,
    "Exp008": 0.75
  },
  "bwt": {
    "Exp000": -0.641,
    "Exp001": -0.657,
    "Exp002": -0.6890000000000001,
    "Exp003": -0.702,
    "Exp004": -0.7000000000000001,
    "Exp005": -0.733,
    "Exp006": -0.658,
    "Exp007": -0.675,
    "Exp008": -0.75
  }
}