{
  "final_accuracy": 0.1862,
  "per_experience_accuracy": {
    "Exp000": 0.128,
    "Exp001": 0.089,
    "Exp002": 0.147,
    "Exp003": 0.06,
    "Exp004": 0.13,
    "Exp005": 0.107,
    "Exp006": 0.164,
    "Exp007": 0.138,
    "Exp008": 0.054,
    "Exp009": 0.845
  },
  "forgetting": {
    "Exp000": 0.62,
    "Exp001": 0.645,
    "Exp002": 0.634,
    "Exp003": 0.696,
    "Exp004": 0.651,
    "Exp005": 0.7020000000000001,
    "Exp006": 0.624,
    "Exp007": 0.617,
    "Exp008": 0.712
  },
  "bwt": {
    "Exp000": -0.62,
    "Exp001": -0.645,
    "Exp002": -0.634,
    "Exp003": -0.696,
    "Exp004": -0.651,
    "Exp005": -0.7020000000000001,
    "Exp006": -0.624,
    "Exp007": -0.617,
    "Exp008": -0.712
  }
}