{
  "final_accuracy": 0.1589,
  "per_experience_accuracy": {
    "Exp000": 0.093,
    "Exp001": 0.081,
    "Exp002": 0.126,
    "Exp003": 0.037,
    "Exp004": 0.103,
    "Exp005": 0.049,
    "Exp006": 0.124,
    "Exp007": 0.094,
    "Exp008": 0.031,
    "Exp009": 0.851
  },
  "forgetting": {
    "Exp000": 0.669,
    "Exp001": 0.66,
    "Exp002": 0.652,
    "Exp003": 0.721,
    "Exp004": 0.669,
    "Exp005": 0.6449999999999999,
    "Exp006": 0.59,
    "Exp007": 0.648,
    "Exp008": 0.725
  },
  "bwt": {
    "Exp000": -0.669,
    "Exp001": -0.66,
    "Exp002": -0.652,
    "Exp003": -0.721,
    "Exp004": -0.669,
    "Exp005": -0.6449999999999999,
    "Exp006": -0.59,
    "Exp007": -0.648,
    "Exp008": -0.725
  }
}