{
  "final_accuracy": 0.1922,
  "per_experience_accuracy": {
    "Exp000": 0.13,
    "Exp001": 0.096,
    "Exp002": 0.189,
    "Exp003": 0.064,
    "Exp004": 0.123,
    "Exp005": 0.11,
    "Exp006": 0.154,
    "Exp007": 0.137,
    "Exp008": 0.092,
    "Exp009": 0.827
  },
  "forgetting": {
    "Exp000": 0.605,
    "Exp001": 0.596,
    "Exp002": 0.603,
    "Exp003": 0.6839999999999999,
    "Exp004": 0.668,
    "Exp005": 0.639,
    "Exp006": 0.615,
    "Exp007": 0.641,
    "Exp008": 0.6980000000000001
  },
  "bwt": {
    "Exp000": -0.605,
    "Exp001": -0.596,
    "Exp002": -0.603,
    "Exp003": -0.6839999999999999,
    "Exp004": -0.668,
    "Exp005": -0.639,
    "Exp006": -0.615,
    "Exp007": -0.641,
    "Exp008": -0.6980000000000001
  }
}