{
  "final_accuracy": 0.1803,
  "per_experience_accuracy": {
    "Exp000": 0.122,
    "Exp001": 0.062,
    "Exp002": 0.138,
    "Exp003": 0.049,
    "Exp004": 0.134,
    "Exp005": 0.1,
    "Exp006": 0.145,
    "Exp007": 0.133,
    "Exp008": 0.088,
    "Exp009": 0.832
  },
  "forgetting": {
    "Exp000": 0.624,
    "Exp001": 0.6739999999999999,
    "Exp002": 0.659,
    "Exp003": 0.712,
    "Exp004": 0.655,
    "Exp005": 0.672,
    "Exp006": 0.63,
    "Exp007": 0.63,
    "Exp008": 0.7040000000000001
  },
  "bwt": {
    "Exp000": -0.624,
    "Exp001": -0.6739999999999999,
    "Exp002": -0.659,
    "Exp003": -0.712,
    "Exp004": -0.655,
    "Exp005": -0.672,
    "Exp006": -0.63,
    "Exp007": -0.63,
    "Exp008": -0.7040000000000001
  }
}