{
  "final_accuracy": 0.2639,
  "per_experience_accuracy": {
    "Exp000": 0.242,
    "Exp001": 0.155,
    "Exp002": 0.227,
    "Exp003": 0.138,
    "Exp004": 0.197,
    "Exp005": 0.172,
    "Exp006": 0.241,
    "Exp007": 0.221,
    "Exp008": 0.225,
    "Exp009": 0.821
  },
  "forgetting": {
    "Exp000": 0.495,
    "Exp001": 0.5479999999999999,
    "Exp002": 0.549,
    "Exp003": 0.626,
    "Exp004": 0.571,
    "Exp005": 0.5740000000000001,
    "Exp006": 0.532,
    "Exp007": 0.51,
    "Exp008": 0.551
  },
  "bwt": {
    "Exp000": -0.495,
    "Exp001": -0.5479999999999999,
    "Exp002": -0.549,
    "Exp003": -0.626,
    "Exp004": -0.571,
    "Exp005": -0.5740000000000001,
    "Exp006": -0.532,
    "Exp007": -0.51,
    "Exp008": -0.551
  }
}