{
  "final_accuracy": 0.1871,
  "per_experience_accuracy": {
    "Exp000": 0.139,
    "Exp001": 0.093,
    "Exp002": 0.144,
    "Exp003": 0.066,
    "Exp004": 0.117,
    "Exp005": 0.09,
    "Exp006": 0.188,
    "Exp007": 0.104,
    "Exp008": 0.087,
    "Exp009": 0.843
  },
  "forgetting": {
    "Exp000": 0.596,
    "Exp001": 0.632,
    "Exp002": 0.629,
    "Exp003": 0.692,
    "Exp004": 0.662,
    "Exp005": 0.687,
    "Exp006": 0.5720000000000001,
    "Exp007": 0.651,
    "Exp008": 0.678
  },
  "bwt": {
    "Exp000": -0.596,
    "Exp001": -0.632,
    "Exp002": -0.629,
    "Exp003": -0.692,
    "Exp004": -0.662,
    "Exp005": -0.687,
    "Exp006": -0.5720000000000001,
    "Exp007": -0.651,
    "Exp008": -0.678
  }
}