{
  "final_accuracy": 0.1443,
  "per_experience_accuracy": {
    "Exp000": 0.086,
    "Exp001": 0.05,
    "Exp002": 0.097,
    "Exp003": 0.027,
    "Exp004": 0.056,
    "Exp005": 0.039,
    "Exp006": 0.15,
    "Exp007": 0.072,
    "Exp008": 0.047,
    "Exp009": 0.819
  },
  "forgetting": {
    "Exp000": 0.657,
    "Exp001": 0.6829999999999999,
    "Exp002": 0.672,
    "Exp003": 0.73,
    "Exp004": 0.718,
    "Exp005": 0.747,
    "Exp006": 0.598,
    "Exp007": 0.6970000000000001,
    "Exp008": 0.755
  },
  "bwt": {
    "Exp000": -0.657,
    "Exp001": -0.6829999999999999,
    "Exp002": -0.672,
    "Exp003": -0.73,
    "Exp004": -0.718,
    "Exp005": -0.747,
    "Exp006": -0.598,
    "Exp007": -0.6970000000000001,
    "Exp008": -0.755
  }
}